id,price,link,offer_type,property_type,city,municipality,room_number,square_footage,heating,floor,bathroom_number,build_year,elevator,balcony,land_area,registered,parking
3046,1380000,https://www.4zida.rs/prodaja/stanovi/beograd/oglas/senjak/6021b3bbadf8ef730a148218,prodaja,stanovi,Beograd,"Savski Venac",4,350,"centralno grejanje",NULL,1,2020,1,1,0,1,0
3047,1380000,https://www.4zida.rs/prodaja/stanovi/beograd/oglas/senjak/6021c183d1de6655453313f3,prodaja,stanovi,Beograd,"Savski Venac",4,290,"centralno grejanje",NULL,1,2020,1,1,0,1,0
18624,816400,https://www.4zida.rs/prodaja/stanovi/beograd/oglas/senjak/613f53d2f356dd07cf74ae98,prodaja,stanovi,Beograd,"Savski Venac",4,152,NULL,NULL,3,2020,1,1,0,1,0
13678,618000,https://www.4zida.rs/prodaja/kuce/novi-sad/oglas/puckaros/61c0d892820ec075af777131,prodaja,kuce,"Novi Sad",Petrovaradin,4,270,"podno grejanje",NULL,3,2020,0,1,0,1,0
24019,618000,https://www.4zida.rs/prodaja/kuce/novi-sad/oglas/puckaros/61c0d892820ec075af777131,prodaja,kuce,"Novi Sad",Petrovaradin,4,270,"podno grejanje",NULL,3,2020,0,1,0,1,0
3404,550000,https://www.4zida.rs/prodaja/stanovi/beograd/oglas/neznanog-junaka/6051147a26667136b4600e03,prodaja,stanovi,Beograd,"Savski Venac",4,138,"podno grejanje",NULL,1,2020,1,1,0,1,0
1813,490000,https://www.4zida.rs/prodaja/stanovi/beograd/oglas/kneginje-zorke/5f7897e33f25ef61c967bc17,prodaja,stanovi,Beograd,Vračar,4,170,"centralno grejanje",NULL,1,2020,1,1,0,1,1
3098,451000,https://www.4zida.rs/prodaja/stanovi/beograd/oglas/dedinje/605c9eaf71e5ac6b8f603c13,prodaja,stanovi,Beograd,"Savski Venac",4,209,NULL,NULL,1,2020,1,1,0,1,0
18449,451000,https://www.4zida.rs/prodaja/stanovi/beograd/oglas/dedinje/605c9eaf71e5ac6b8f603c13,prodaja,stanovi,Beograd,"Savski Venac",4,209,NULL,NULL,1,2020,1,1,0,1,0
1845,445000,https://www.4zida.rs/prodaja/stanovi/beograd/oglas/jove-ilica/6113e78ae2034127ed2c6b43,prodaja,stanovi,Beograd,Voždovac,4,135,NULL,NULL,2,2020,0,0,0,1,0
3008,415000,https://www.4zida.rs/prodaja/stanovi/beograd/oglas/tadije-sondermajera/6192a6513859d879a1206a23,prodaja,stanovi,Beograd,"Novi Beograd",4,106,"centralno grejanje",NULL,1,2020,1,1,0,1,1
3078,415000,https://www.4zida.rs/prodaja/stanovi/beograd/oglas/blok-65/61ce45e7afaa8b073a42f99c,prodaja,stanovi,Beograd,"Novi Beograd",3.5,106,NULL,NULL,1,2020,1,1,0,0,0
13825,385000,https://www.4zida.rs/prodaja/kuce/novi-sad/oglas/petefi-sandora/60a966425741905f6841329f,prodaja,kuce,"Novi Sad",Telep,5,250,"podno grejanje",NULL,1,2020,0,1,395,1,1
16806,370800,https://www.4zida.rs/prodaja/kuce/novi-sad/oglas/veternicka-rampa/61ae1ea4e2f60c00956a0823,prodaja,kuce,"Novi Sad",Veternik,5,200,"centralno grejanje",NULL,1,2020,0,1,5,1,1
16796,360500,https://www.4zida.rs/prodaja/kuce/novi-sad/oglas/adice/6155f3b273bc8c062048aaf8,prodaja,kuce,"Novi Sad","Gradske lokacije",4,200,"grejanje na gas",NULL,1,2020,0,1,7.63,1,1
19296,351000,https://www.4zida.rs/prodaja/stanovi/beograd/oglas/cara-urosa/5ed8d82a0c7cde14dd0daf89,prodaja,stanovi,Beograd,Dorćol,4,117,"podno grejanje",NULL,1,2020,1,1,0,1,0
12076,350000,https://www.4zida.rs/prodaja/stanovi/beograd/oglas/bilecka/5f024b492731715f107b2173,prodaja,stanovi,Beograd,Voždovac,4,112,"grejanje na struju",NULL,1,2020,1,1,0,1,0
3378,345600,https://www.4zida.rs/prodaja/stanovi/beograd/oglas/cernisevskog/6132677fb25cdd0f9f76ff83,prodaja,stanovi,Beograd,Vračar,3,128,"centralno grejanje",NULL,1,2020,1,1,0,0,0
10556,337500,https://www.4zida.rs/prodaja/stanovi/beograd/oglas/prokop/6095116b2376090f5a23e9a2,prodaja,stanovi,Beograd,"Savski Venac",4,132,NULL,NULL,1,2020,0,1,0,0,1
10581,331000,https://www.4zida.rs/prodaja/stanovi/beograd/oglas/prokop/609511782376090f5a23e9b3,prodaja,stanovi,Beograd,"Savski Venac",4,131,NULL,NULL,1,2020,0,1,0,0,1
9603,329600,https://www.4zida.rs/prodaja/kuce/novi-sad/oglas/novo-naselje/61b8d22a45b1e06cd872f963,prodaja,kuce,"Novi Sad","Gradske lokacije",5,500,"grejanje na gas",NULL,1,2020,0,0,0,1,0
13507,317200,https://www.4zida.rs/prodaja/stanovi/kopaonik/oglas/gradske-lokacije/6156d48bb5901d4adb236f13,prodaja,stanovi,Kopaonik,Kopaonik,1.5,198,"grejanje na struju",NULL,1,2020,0,1,0,0,1
14041,309000,https://www.4zida.rs/prodaja/stanovi/novi-sad/oglas/bulevar-evrope/609e851b5034bf07a44f33b3,prodaja,stanovi,"Novi Sad","Gradske lokacije",4,190,"grejanje na gas",NULL,1,2020,0,1,0,0,0
3355,308750,https://www.4zida.rs/prodaja/stanovi/beograd/oglas/admirala-vukovica/61e713b9a3d6c336535c25cf,prodaja,stanovi,Beograd,"Voždovac opština",3,136,"etažno grejanje",NULL,1,2020,1,1,0,1,0
13843,299000,https://www.4zida.rs/prodaja/kuce/novi-sad/oglas/olge-ilic/6112b7ee2187815cec3c261f,prodaja,kuce,"Novi Sad",Veternik,8,350,"centralno grejanje",NULL,3,2020,0,1,589,1,1
19519,277200,https://www.4zida.rs/prodaja/stanovi/beograd/oglas/vojvode-stepe/5e45d50b27317163042436b3,prodaja,stanovi,Beograd,"Voždovac opština",4,126,"centralno grejanje",NULL,2,2020,1,0,0,0,0
19520,272800,https://www.4zida.rs/prodaja/stanovi/beograd/oglas/vojvode-stepe/5e45d51527317163042436b7,prodaja,stanovi,Beograd,"Voždovac opština",4,124,"centralno grejanje",NULL,2,2020,1,0,0,0,0
2896,270000,https://www.4zida.rs/prodaja/stanovi/beograd/oglas/tetovska/60e32473d12d8d77c55bc722,prodaja,stanovi,Beograd,"Voždovac opština",4,126,"etažno grejanje",NULL,1,2020,1,1,0,0,1
13527,262000,https://www.4zida.rs/prodaja/stanovi/kopaonik/oglas/milorada-milosevica-brevinca/61e8560d0bd78f401142668a,prodaja,stanovi,Kopaonik,"Gradske lokacije",1,36,"podno grejanje",NULL,1,2020,0,1,0,0,0
417,242050,https://www.4zida.rs/prodaja/stanovi/novi-sad/oglas/veternicka-rampa/60932107ee5fe21f364c290a,prodaja,stanovi,"Novi Sad",Veternik,4,127,"centralno grejanje",NULL,1,2020,1,1,0,0,0
14082,242050,https://www.4zida.rs/prodaja/stanovi/novi-sad/oglas/novo-naselje/5fa2f2ac0047e7114a307ac7,prodaja,stanovi,"Novi Sad","Gradske lokacije",4,127,NULL,NULL,1,2020,0,1,0,0,0
14097,242050,https://www.4zida.rs/prodaja/stanovi/novi-sad/oglas/novo-naselje/5fa2f2ac0047e7114a307aca,prodaja,stanovi,"Novi Sad","Gradske lokacije",4,127,NULL,NULL,1,2020,0,1,0,0,0
3947,239200,https://www.4zida.rs/prodaja/stanovi/novi-sad/oglas/salajka/5f44e3b1c2e815495c383b1a,prodaja,stanovi,"Novi Sad","Gradske lokacije",4,116,"grejanje na gas",NULL,1,2020,1,1,0,0,0
16265,239000,https://www.4zida.rs/prodaja/stanovi/beograd/oglas/djerdapska/614da0c1bdd317763c4acde6,prodaja,stanovi,Beograd,Vračar,4,95,"etažno grejanje",NULL,1,2020,0,1,0,0,0
1746,235000,https://www.4zida.rs/prodaja/stanovi/beograd/oglas/rajka-od-rasine/61b8eed93e8e9a1f27276727,prodaja,stanovi,Beograd,Čukarica,4,102,NULL,NULL,1,2020,1,1,0,1,0
10585,235000,https://www.4zida.rs/prodaja/stanovi/beograd/oglas/rajka-od-rasine/5fa68a4012efd252c62afaae,prodaja,stanovi,Beograd,Čukarica,4,102,"grejanje na gas",NULL,1,2020,1,1,0,1,1
11832,235000,https://www.4zida.rs/prodaja/stanovi/beograd/oglas/hercegovacka/605870df33d7b4134b687883,prodaja,stanovi,Beograd,"Savski Venac",2,60,"centralno grejanje",NULL,1,2020,1,0,0,0,0
23937,230000,https://www.4zida.rs/prodaja/kuce/kragujevac/oglas/ilicevo/60560e704c7e7850c272e602,prodaja,kuce,Kragujevac,"Gradske lokacije",9,275,"podno grejanje",NULL,3,2020,0,1,5,1,1
3986,226600,https://www.4zida.rs/prodaja/stanovi/novi-sad/oglas/novi-sad-centar/5f7e16a67c927656bf365c55,prodaja,stanovi,"Novi Sad","Stari Grad",5,110,"grejanje na gas",NULL,1,2020,1,1,0,0,0
13627,226600,https://www.4zida.rs/prodaja/stanovi/novi-sad/oglas/petrovaradin/61484560f71fd50a6147cb3f,prodaja,stanovi,"Novi Sad","Gradske lokacije",4,99,"grejanje na gas",NULL,1,2020,1,1,0,1,0
12086,225500,https://www.4zida.rs/prodaja/stanovi/beograd/oglas/brace-kovac/6148b10923c8535a4344b0a3,prodaja,stanovi,Beograd,"Voždovac opština",4,110,"etažno grejanje",NULL,2,2020,1,0,0,0,1
19493,225000,https://www.4zida.rs/prodaja/stanovi/beograd/oglas/cerska/614da0b2bdd317763c4acd82,prodaja,stanovi,Beograd,Vračar,4,90,"centralno grejanje",NULL,1,2020,0,1,0,0,1
22457,225000,https://www.4zida.rs/prodaja/kuce/beograd/oglas/avalska/61ee9d5bb6696b36226a6d13,prodaja,kuce,Beograd,"Sopot opština",4,220,"etažno grejanje",NULL,2,2020,0,1,31,1,0
14494,220200,https://www.4zida.rs/prodaja/stanovi/novi-sad/oglas/sajmiste/619cbe8c2025f7118d5db648,prodaja,stanovi,"Novi Sad","Gradske lokacije",5,129,"centralno grejanje",NULL,1,2020,1,1,0,0,0
19515,220000,https://www.4zida.rs/prodaja/stanovi/beograd/oglas/vojvode-stepe/5e4726a32731715962415677,prodaja,stanovi,Beograd,"Voždovac opština",4,100,"centralno grejanje",NULL,2,2020,1,0,0,0,0
2978,215000,https://www.4zida.rs/prodaja/stanovi/beograd/oglas/dunavska/6102d1553d174a446c3d91b5,prodaja,stanovi,Beograd,"Donji Dorćol",3.5,78,"centralno grejanje",NULL,1,2020,1,0,0,1,0
2985,215000,https://www.4zida.rs/prodaja/stanovi/beograd/oglas/dunavska/60fb048fb43b241fa117d315,prodaja,stanovi,Beograd,"Donji Dorćol",3.5,78,"centralno grejanje",NULL,1,2020,1,0,0,1,0
3015,211200,https://www.4zida.rs/prodaja/stanovi/beograd/oglas/vojvode-hrvoja/60b9110078ed5c1dd0603663,prodaja,stanovi,Beograd,Vračar,4,96,NULL,NULL,1,2020,1,0,0,0,0
11820,211000,https://www.4zida.rs/prodaja/stanovi/beograd/oglas/roda/607ae2159ddca314d4695123,prodaja,stanovi,Beograd,"Palilula opština",3,159,"podno grejanje",NULL,1,2020,1,1,0,1,0
3950,210900,https://www.4zida.rs/prodaja/stanovi/novi-sad/oglas/salajka/5eaad23027317158631efaf9,prodaja,stanovi,"Novi Sad","Gradske lokacije",4,128,"grejanje na gas",NULL,1,2020,1,1,0,0,0
13842,209500,https://www.4zida.rs/prodaja/stanovi/novi-sad/oglas/novo-naselje/5e5431f62731715f3171048a,prodaja,stanovi,"Novi Sad","Gradske lokacije",5,123,"grejanje na gas",NULL,1,2020,0,0,0,0,0
13835,207200,https://www.4zida.rs/prodaja/stanovi/novi-sad/oglas/telep/5e67f846273171327200b3d4,prodaja,stanovi,"Novi Sad","Gradske lokacije",4,118,"grejanje na gas",NULL,1,2020,1,1,0,1,0
9438,205000,https://www.4zida.rs/prodaja/stanovi/novi-sad/oglas/novi-sad-centar/616d4c99c2bc8f1e1609cf8f,prodaja,stanovi,"Novi Sad","Stari Grad",3,73,"centralno grejanje",NULL,1,2020,1,1,0,1,0
11332,204000,https://www.4zida.rs/prodaja/stanovi/beograd/oglas/mokranjceva/61840998d28a9618292e3cd3,prodaja,stanovi,Beograd,"Savski Venac",3.5,78,NULL,NULL,1,2020,1,1,0,1,0
9110,200700,https://www.4zida.rs/prodaja/stanovi/novi-sad/oglas/popovica/5eddf51d2731714f8c1a90a6,prodaja,stanovi,"Novi Sad","Sremska Kamenica",4,143,NULL,NULL,1,2020,0,1,0,0,0
2931,200000,https://www.4zida.rs/prodaja/stanovi/beograd/oglas/bregovita/60dde538bce3073f39503c63,prodaja,stanovi,Beograd,Zemun,4,100,"etažno grejanje",NULL,2,2020,0,0,0,1,0
3360,200000,https://www.4zida.rs/prodaja/stanovi/beograd/oglas/stanka-vraza/61cb1f086e07046008209f18,prodaja,stanovi,Beograd,"Zvezdara opština",3,92,"etažno grejanje",NULL,1,2020,1,1,0,1,0
3358,198898,https://www.4zida.rs/prodaja/stanovi/beograd/oglas/dalmatinska/5f84ada55424d00ebb58bb59,prodaja,stanovi,Beograd,"Palilula opština",3,75,NULL,NULL,1,2020,1,0,0,0,0
10635,198000,https://www.4zida.rs/prodaja/stanovi/beograd/oglas/jurija-gagarina/61438ab565a58a24573494cc,prodaja,stanovi,Beograd,"Novi Beograd",3,99,"centralno grejanje",NULL,1,2020,1,1,0,1,0
10624,197600,https://www.4zida.rs/prodaja/stanovi/beograd/oglas/sumatovacka/5f84d2014f4f4d2937716613,prodaja,stanovi,Beograd,Vračar,2,80,"centralno grejanje",NULL,1,2020,0,0,0,0,0
23996,197600,https://www.4zida.rs/prodaja/stanovi/beograd/oglas/sumatovacka/5f84d2014f4f4d2937716613,prodaja,stanovi,Beograd,Vračar,2,80,"centralno grejanje",NULL,1,2020,0,0,0,0,0
3332,195000,https://www.4zida.rs/prodaja/stanovi/beograd/oglas/bulevar-vudroa-vilsona/61aa0d5d0ae66530074007c9,prodaja,stanovi,Beograd,"Savski Venac",2,56,"centralno grejanje",NULL,1,2020,1,1,0,1,0
8906,194554,https://www.4zida.rs/prodaja/stanovi/beograd/oglas/kajmakcalanska/605b3d3b8a8d324b8837cfe5,prodaja,stanovi,Beograd,Vračar,2.5,69,"centralno grejanje",NULL,1,2020,1,1,0,0,0
14007,192610,https://www.4zida.rs/prodaja/stanovi/novi-sad/oglas/telep/5eb169c6273171321966d59f,prodaja,stanovi,"Novi Sad","Gradske lokacije",4,110,"etažno grejanje",NULL,1,2020,1,1,0,0,0
1889,192390,https://www.4zida.rs/prodaja/stanovi/beograd/oglas/kajmakcalanska/61b3864553fa1b383a0bca9b,prodaja,stanovi,Beograd,"Zvezdara opština",2,65,"etažno grejanje",NULL,1,2020,1,1,0,0,0
19005,191500,https://www.4zida.rs/prodaja/stanovi/novi-sad/oglas/telep/61f03156b3df646d3f284b23,prodaja,stanovi,"Novi Sad","Gradske lokacije",4,124,NULL,NULL,1,2020,1,1,0,1,0
19511,191400,https://www.4zida.rs/prodaja/stanovi/beograd/oglas/vojvode-stepe/5e4726ad273171596241567a,prodaja,stanovi,Beograd,"Voždovac opština",3,87,"centralno grejanje",NULL,2,2020,1,0,0,0,0
10243,188628,https://www.4zida.rs/prodaja/stanovi/beograd/oglas/grocanska/6092d305296a4b76ba50d8fe,prodaja,stanovi,Beograd,Vračar,4,86,"centralno grejanje",NULL,1,2020,1,1,0,0,0
1695,187850,https://www.4zida.rs/prodaja/stanovi/beograd/oglas/admirala-vukovica/61e99a2f137cb703610747ed,prodaja,stanovi,Beograd,"Voždovac opština",3,83,"etažno grejanje",NULL,1,2020,1,1,0,1,0
1704,187850,https://www.4zida.rs/prodaja/stanovi/beograd/oglas/admirala-vukovica/61e99a2e137cb703610747e9,prodaja,stanovi,Beograd,"Voždovac opština",3,83,"etažno grejanje",NULL,1,2020,1,1,0,1,0
11490,187850,https://www.4zida.rs/prodaja/stanovi/beograd/oglas/admirala-vukovica/61e07c075c3fd478d010ae02,prodaja,stanovi,Beograd,"Voždovac opština",3,83,"etažno grejanje",NULL,1,2020,1,1,0,1,0
9211,185400,https://www.4zida.rs/prodaja/stanovi/novi-sad/oglas/banatic/60257d7bfa61da35c156ccb3,prodaja,stanovi,"Novi Sad","Gradske lokacije",4,91,"centralno grejanje",NULL,1,2020,1,1,0,0,0
18774,185400,https://www.4zida.rs/prodaja/stanovi/novi-sad/oglas/banatic/60257d7bfa61da35c156ccb3,prodaja,stanovi,"Novi Sad","Gradske lokacije",4,91,"centralno grejanje",NULL,1,2020,1,1,0,0,0
11647,184000,https://www.4zida.rs/prodaja/stanovi/beograd/oglas/petra-kocica/6155fd1a93bc262cd25890c3,prodaja,stanovi,Beograd,"Zemun opština",3,68,"centralno grejanje",NULL,1,2020,1,1,0,0,0
11670,183600,https://www.4zida.rs/prodaja/stanovi/beograd/oglas/petra-kocica/615d8f92039eae15ad45f0b1,prodaja,stanovi,Beograd,"Zemun opština",3,68,"etažno grejanje",NULL,1,2020,1,1,0,0,0
11941,183000,https://www.4zida.rs/prodaja/stanovi/beograd/oglas/petra-kocica/61e07c035c3fd478d010adf9,prodaja,stanovi,Beograd,"Zemun opština",3,68,"centralno grejanje",NULL,1,2020,1,1,0,0,0
1688,181650,https://www.4zida.rs/prodaja/stanovi/beograd/oglas/admirala-vukovica/61e99a2d137cb703610747e5,prodaja,stanovi,Beograd,"Voždovac opština",3,80,"etažno grejanje",NULL,1,2020,1,1,0,1,0
14190,174000,https://www.4zida.rs/prodaja/stanovi/novi-sad/oglas/telep/5e67f847273171327200b3da,prodaja,stanovi,"Novi Sad","Gradske lokacije",4,99,"grejanje na gas",NULL,1,2020,1,1,0,0,0
14191,174000,https://www.4zida.rs/prodaja/stanovi/novi-sad/oglas/telep/6149fa012fb53d44bd357723,prodaja,stanovi,"Novi Sad","Gradske lokacije",4,99,"grejanje na gas",NULL,1,2020,1,1,0,1,0
14185,173900,https://www.4zida.rs/prodaja/stanovi/novi-sad/oglas/telep/6149fa022fb53d44bd357728,prodaja,stanovi,"Novi Sad","Gradske lokacije",4,99,"grejanje na gas",NULL,1,2020,1,1,0,1,0
17780,173150,https://www.4zida.rs/prodaja/stanovi/novi-sad/oglas/novi-sad-centar/5ff973046ea0205a407d6c01,prodaja,stanovi,"Novi Sad","Stari Grad",4,87,NULL,NULL,1,2020,1,1,0,1,0
15563,172200,https://www.4zida.rs/prodaja/stanovi/beograd/oglas/milisava-djurovica/61e19404d1797255482b1808,prodaja,stanovi,Beograd,"Voždovac opština",4,84,"centralno grejanje",NULL,1,2020,1,1,0,0,0
11630,172000,https://www.4zida.rs/prodaja/stanovi/beograd/oglas/bosanska/5ecbaa5927317139ca7fc988,prodaja,stanovi,Beograd,"Zemun opština",4,86,"etažno grejanje",NULL,1,2020,0,1,0,1,0
17127,171250,https://www.4zida.rs/prodaja/stanovi/novi-sad/oglas/bulevar-patrijarha-pavla-somborski-bulevar/60eee55a51b53e448a63f04f,prodaja,stanovi,"Novi Sad",Telep,4,133,"grejanje na gas",NULL,1,2020,0,1,0,1,1
14556,170900,https://www.4zida.rs/prodaja/stanovi/novi-sad/oglas/sajmiste/60c093d9311c733060091694,prodaja,stanovi,"Novi Sad","Gradske lokacije",4,92,"centralno grejanje",NULL,1,2020,1,1,0,0,0
11524,169200,https://www.4zida.rs/prodaja/stanovi/beograd/oglas/pregrevica/5f6606c15b707968ab43b613,prodaja,stanovi,Beograd,"Zemun opština",4,73,NULL,NULL,1,2020,1,1,0,0,1
17771,168760,https://www.4zida.rs/prodaja/stanovi/novi-sad/oglas/novi-sad-centar/5ff975a06ea0205a407d70d2,prodaja,stanovi,"Novi Sad","Stari Grad",4,75,NULL,NULL,1,2020,1,1,0,1,0
11511,165730,https://www.4zida.rs/prodaja/stanovi/beograd/oglas/boze-jankovica/5e2a012e273171168578cf14,prodaja,stanovi,Beograd,"Voždovac opština",2.5,77,"centralno grejanje",NULL,1,2020,1,1,0,0,1
3945,164800,https://www.4zida.rs/prodaja/stanovi/novi-sad/oglas/novo-naselje/617c79c49fcf24349a5dcbc6,prodaja,stanovi,"Novi Sad","Gradske lokacije",4,107,"grejanje na gas",NULL,1,2020,1,1,0,0,0
4254,164000,https://www.4zida.rs/prodaja/stanovi/novi-sad/oglas/novo-naselje/5e5431f72731715f3171048d,prodaja,stanovi,"Novi Sad","Gradske lokacije",4,95,"grejanje na gas",NULL,1,2020,0,0,0,0,0
3934,163000,https://www.4zida.rs/prodaja/stanovi/novi-sad/oglas/salajka/5fd00f9ee5adb07b97097ad5,prodaja,stanovi,"Novi Sad","Gradske lokacije",4,113,"grejanje na gas",NULL,1,2020,1,1,0,0,0
11517,162800,https://www.4zida.rs/prodaja/stanovi/beograd/oglas/vojvode-hrvoja/5faecf9c81b0d47f8843282d,prodaja,stanovi,Beograd,Vračar,3,74,NULL,NULL,1,2020,1,0,0,0,0
11520,162800,https://www.4zida.rs/prodaja/stanovi/beograd/oglas/vojvode-hrvoja/5faecf9c81b0d47f8843282a,prodaja,stanovi,Beograd,Vračar,3,74,NULL,NULL,1,2020,1,0,0,0,0
436,159300,https://www.4zida.rs/prodaja/stanovi/novi-sad/oglas/socijalno/5fe9bd3ee8ca3975626b1e97,prodaja,stanovi,"Novi Sad",Rotkvarija,4,79,"centralno grejanje",NULL,1,2020,1,1,0,0,0
1895,154900,https://www.4zida.rs/prodaja/stanovi/beograd/oglas/blok-63/5fabd8369fd527737e77925a,prodaja,stanovi,Beograd,"Bežanijski Blokovi",2.5,71,"centralno grejanje",NULL,1,2020,1,1,0,0,1
9768,154500,https://www.4zida.rs/prodaja/stanovi/novi-sad/oglas/telep/607564039e8082175845a1ec,prodaja,stanovi,"Novi Sad","Gradske lokacije",3,80,"centralno grejanje",NULL,1,2020,1,1,0,1,0
14276,152400,https://www.4zida.rs/prodaja/stanovi/novi-sad/oglas/grbavica/5ef303b02731714f702dd6e7,prodaja,stanovi,"Novi Sad","Gradske lokacije",4,79,"grejanje na gas",NULL,1,2020,1,1,0,0,0
14453,151850,https://www.4zida.rs/prodaja/stanovi/novi-sad/oglas/sajmiste/619cb07bea9f6804f020f8a8,prodaja,stanovi,"Novi Sad","Gradske lokacije",3,76,"centralno grejanje",NULL,1,2020,1,1,0,0,0
14224,149350,https://www.4zida.rs/prodaja/stanovi/novi-sad/oglas/telep/6155a627b629c75be45b5b56,prodaja,stanovi,"Novi Sad","Gradske lokacije",4,94,NULL,NULL,2,2020,0,1,0,0,1
15571,149302,https://www.4zida.rs/prodaja/stanovi/beograd/oglas/milisava-djurovica/5f75ab3cc441fa5f8a367f46,prodaja,stanovi,Beograd,"Voždovac opština",4,79,"centralno grejanje",NULL,1,2020,1,1,0,0,0
8751,149150,https://www.4zida.rs/prodaja/stanovi/novi-sad/oglas/podbara/606d855d3483db5326781c4c,prodaja,stanovi,"Novi Sad","Gradske lokacije",3.5,80,"grejanje na gas",NULL,1,2020,1,1,0,0,0
22482,149000,https://www.4zida.rs/prodaja/kuce/beograd/oglas/progar/61386db6e88fca077e47f9ba,prodaja,kuce,Beograd,"Surčin opština",3,146,"etažno grejanje",NULL,2,2020,0,1,1954,0,1
3584,147000,https://www.4zida.rs/prodaja/stanovi/beograd/oglas/prizrenska/61b2148ded706751bf517ac8,prodaja,stanovi,Beograd,Zemun,4,113,"etažno grejanje",NULL,1,2020,0,1,0,1,0
4137,146700,https://www.4zida.rs/prodaja/stanovi/novi-sad/oglas/bulevar-oslobodjenja/611c3b7484ba6e24ac31bc9f,prodaja,stanovi,"Novi Sad","Gradske lokacije",2.5,57,"centralno grejanje",NULL,1,2020,1,1,0,0,0
3890,145000,https://www.4zida.rs/prodaja/stanovi/novi-sad/oglas/salajka/5eb0346027317157bf0f6687,prodaja,stanovi,"Novi Sad","Gradske lokacije",3,88,"grejanje na gas",NULL,1,2020,1,1,0,0,0
4082,144250,https://www.4zida.rs/prodaja/stanovi/novi-sad/oglas/spens/60932197ee5fe21f364c2aba,prodaja,stanovi,"Novi Sad","Stari Grad",3,75,"centralno grejanje",NULL,1,2020,1,1,0,0,0
9263,144250,https://www.4zida.rs/prodaja/stanovi/novi-sad/oglas/nova-detelinara/606e355557c49978d4782aa9,prodaja,stanovi,"Novi Sad",Detelinara,4.5,102,"centralno grejanje",NULL,1,2020,1,0,0,0,0
9275,144250,https://www.4zida.rs/prodaja/stanovi/novi-sad/oglas/spens/60932154ee5fe21f364c29b2,prodaja,stanovi,"Novi Sad","Stari Grad",3.5,75,"centralno grejanje",NULL,1,2020,1,1,0,0,0
9262,143780,https://www.4zida.rs/prodaja/stanovi/novi-sad/oglas/salajka/613001e20abae75839404d4f,prodaja,stanovi,"Novi Sad","Gradske lokacije",3,78,"grejanje na gas",NULL,1,2020,1,1,0,0,0
14279,140700,https://www.4zida.rs/prodaja/stanovi/novi-sad/oglas/grbavica/5ef303b02731714f702dd6f0,prodaja,stanovi,"Novi Sad","Gradske lokacije",4,73,"grejanje na gas",NULL,1,2020,1,1,0,0,0
15588,140000,https://www.4zida.rs/prodaja/stanovi/beograd/oglas/stevana-hristica/614da083bdd317763c4acc66,prodaja,stanovi,Beograd,"Palilula opština",6,127,"etažno grejanje",NULL,1,2020,0,1,0,0,1
19461,140000,https://www.4zida.rs/prodaja/stanovi/beograd/oglas/stevana-hristica/614da083bdd317763c4acc66,prodaja,stanovi,Beograd,"Palilula opština",6,127,"etažno grejanje",NULL,1,2020,0,1,0,0,1
3877,139900,https://www.4zida.rs/prodaja/stanovi/novi-sad/oglas/bulevar-patrijarha-pavla-somborski-bulevar/5fb416195965bd6a9064e00a,prodaja,stanovi,"Novi Sad",Telep,4,97,"centralno grejanje",NULL,1,2020,1,1,0,0,0
3883,139900,https://www.4zida.rs/prodaja/stanovi/novi-sad/oglas/bulevar-patrijarha-pavla-somborski-bulevar/5fb416195965bd6a9064e007,prodaja,stanovi,"Novi Sad",Telep,4,97,"centralno grejanje",NULL,1,2020,1,1,0,0,0
18009,139000,https://www.4zida.rs/prodaja/stanovi/zlatibor/oglas/centar/609713e6d8a6150d2012e933,prodaja,stanovi,Zlatibor,"Gradske lokacije",3,77,"grejanje na struju",NULL,1,2020,1,0,0,0,0
15211,138500,https://www.4zida.rs/prodaja/stanovi/pancevo/oglas/centar/619d0c7f31515a549050ac95,prodaja,stanovi,Pančevo,"Gradske lokacije",4,99,"grejanje na gas",NULL,2,2020,1,1,0,1,1
24106,138000,https://www.4zida.rs/prodaja/kuce/ruma/oglas/gradske-lokacije/61c3632c94714f5fb40b1669,prodaja,kuce,Ruma,Ruma,4,192,"grejanje na gas",NULL,1,2020,0,1,5,1,1
3870,137000,https://www.4zida.rs/prodaja/stanovi/novi-sad/oglas/telep/5e67f844273171327200b3c8,prodaja,stanovi,"Novi Sad","Gradske lokacije",3,78,"grejanje na gas",NULL,1,2020,1,1,0,0,0
3873,137000,https://www.4zida.rs/prodaja/stanovi/novi-sad/oglas/telep/6149fa022fb53d44bd357736,prodaja,stanovi,"Novi Sad","Gradske lokacije",3,78,"grejanje na gas",NULL,1,2020,1,1,0,0,0
10507,137000,https://www.4zida.rs/prodaja/stanovi/beograd/oglas/koste-jovanovica/61a76cc7acb2021bb810fa96,prodaja,stanovi,Beograd,"Voždovac opština",2,51,"grejanje na gas",NULL,1,2020,1,1,0,1,0
3860,136900,https://www.4zida.rs/prodaja/stanovi/novi-sad/oglas/telep/5e67f840273171327200b3b0,prodaja,stanovi,"Novi Sad","Gradske lokacije",3,78,"grejanje na gas",NULL,1,2020,1,1,0,1,0
13788,136000,https://www.4zida.rs/prodaja/stanovi/novi-sad/oglas/nova-detelinara/606e355a57c49978d4782ac5,prodaja,stanovi,"Novi Sad",Detelinara,4,96,"centralno grejanje",NULL,1,2020,1,1,0,0,0
16274,135000,https://www.4zida.rs/prodaja/stanovi/beograd/oglas/banjica-2/6036462a18099530de5f5544,prodaja,stanovi,Beograd,Banjica,3,74,"etažno grejanje",NULL,1,2020,1,1,0,1,0
9946,133800,https://www.4zida.rs/prodaja/stanovi/novi-sad/oglas/bulevar-patrijarha-pavla-somborski-bulevar/5e4d9a832731710c200ee749,prodaja,stanovi,"Novi Sad",Telep,3,113,"grejanje na gas",NULL,1,2020,1,1,0,1,0
9943,133500,https://www.4zida.rs/prodaja/stanovi/novi-sad/oglas/telep/5e67dc2f273171136868b4bd,prodaja,stanovi,"Novi Sad","Gradske lokacije",3,76,"grejanje na gas",NULL,1,2020,1,1,0,1,0
13743,132000,https://www.4zida.rs/prodaja/stanovi/novi-sad/oglas/telep/5e67dc30273171136868b4c0,prodaja,stanovi,"Novi Sad","Gradske lokacije",3,75,"grejanje na gas",NULL,1,2020,1,1,0,0,0
9525,131330,https://www.4zida.rs/prodaja/stanovi/novi-sad/oglas/novi-sad-centar/610fb8021af744255a5ac22b,prodaja,stanovi,"Novi Sad","Stari Grad",2,50,"centralno grejanje",NULL,1,2020,1,1,0,1,0
13748,131300,https://www.4zida.rs/prodaja/stanovi/novi-sad/oglas/novi-sad-centar/5f7dfa8040e5a15226124cfb,prodaja,stanovi,"Novi Sad","Stari Grad",5,51,"grejanje na gas",NULL,1,2020,1,1,0,0,0
4002,130810,https://www.4zida.rs/prodaja/stanovi/novi-sad/oglas/bulevar-patrijarha-pavla-somborski-bulevar/61488e3cc9759d0cbb010071,prodaja,stanovi,"Novi Sad",Telep,3,67,"centralno grejanje",NULL,1,2020,1,1,0,1,0
13744,130190,https://www.4zida.rs/prodaja/stanovi/novi-sad/oglas/salajka/5eaad22f27317158631efaed,prodaja,stanovi,"Novi Sad","Gradske lokacije",3,79,"grejanje na gas",NULL,1,2020,1,1,0,0,0
14481,129900,https://www.4zida.rs/prodaja/stanovi/novi-sad/oglas/sajmiste/619cb07cea9f6804f020f8ac,prodaja,stanovi,"Novi Sad","Gradske lokacije",3,63,"centralno grejanje",NULL,1,2020,1,1,0,0,0
7777,129000,https://www.4zida.rs/prodaja/kuce/backa-topola/oglas/salas/609d94cc0096ee3bf73f8f4b,prodaja,kuce,"Bačka Topola","Bačka Topola",3,151,"grejanje na struju",NULL,1,2020,0,1,200,1,1
7788,129000,https://www.4zida.rs/prodaja/kuce/backa-topola/oglas/sencanski-put/60c7275b5c536a2ce166486d,prodaja,kuce,"Bačka Topola","Okolne lokacije",4,179,"etažno grejanje",NULL,1,2020,0,1,200,1,1
13746,127900,https://www.4zida.rs/prodaja/stanovi/novi-sad/oglas/petrovaradin/5f1ef264d799c6302955cf33,prodaja,stanovi,"Novi Sad","Gradske lokacije",4,97,"etažno grejanje",NULL,1,2020,1,1,0,0,0
14487,124800,https://www.4zida.rs/prodaja/stanovi/novi-sad/oglas/sajmiste/619cb07dea9f6804f020f8b0,prodaja,stanovi,"Novi Sad","Gradske lokacije",3,63,"centralno grejanje",NULL,1,2020,1,1,0,0,0
17356,124700,https://www.4zida.rs/prodaja/stanovi/novi-sad/oglas/klisa/5dcf0a3227317114dd79b3b3,prodaja,stanovi,"Novi Sad","Gradske lokacije",4,93,"grejanje na gas",NULL,1,2020,0,1,0,0,0
603,124530,https://www.4zida.rs/prodaja/stanovi/novi-sad/oglas/vidovdansko-naselje/602daa0b608860762724f859,prodaja,stanovi,"Novi Sad","Gradske lokacije",4,93,"grejanje na gas",NULL,1,2020,1,1,0,0,0
13551,123200,https://www.4zida.rs/prodaja/stanovi/novi-sad/oglas/nova-detelinara/606e355657c49978d4782aad,prodaja,stanovi,"Novi Sad",Detelinara,4.5,104,"centralno grejanje",NULL,1,2020,1,0,0,0,0
13952,123200,https://www.4zida.rs/prodaja/stanovi/novi-sad/oglas/novi-sad-centar/60ba0ca854689915d845e4e6,prodaja,stanovi,"Novi Sad","Stari Grad",4.5,104,"centralno grejanje",NULL,1,2020,1,1,0,1,0
10211,123161,https://www.4zida.rs/prodaja/stanovi/beograd/oglas/kajmakcalanska/605b3a602aedcf05156fa0a2,prodaja,stanovi,Beograd,Vračar,1.5,46,"centralno grejanje",NULL,1,2020,1,0,0,0,0
2847,121500,https://www.4zida.rs/prodaja/stanovi/beograd/oglas/tosin-bunar/602e454e83a2a220bc7a9fe4,prodaja,stanovi,Beograd,"Novi Beograd",2,45,"centralno grejanje",NULL,1,2020,1,1,0,0,0
2854,121500,https://www.4zida.rs/prodaja/stanovi/beograd/oglas/tosin-bunar/5f357782b11610049d368383,prodaja,stanovi,Beograd,"Novi Beograd",2,45,"centralno grejanje",NULL,1,2020,1,1,0,1,1
15686,120000,https://www.4zida.rs/prodaja/stanovi/nis/oglas/durlan/5ed0f1cf27317166127ad286,prodaja,stanovi,Niš,Pantelej,4,127,"grejanje na gas",NULL,1,2020,0,1,0,1,0
16022,120000,https://www.4zida.rs/prodaja/stanovi/nis/oglas/durlan/5ed10e2d2731710735037173,prodaja,stanovi,Niš,Pantelej,3,134,"grejanje na gas",NULL,1,2020,0,1,0,1,1
16143,120000,https://www.4zida.rs/prodaja/stanovi/kragujevac/oglas/bubanj/61b114383d7f8757351d93e3,prodaja,stanovi,Kragujevac,Centar,3,214,NULL,NULL,1,2020,1,1,0,0,0
4081,117500,https://www.4zida.rs/prodaja/stanovi/novi-sad/oglas/spens/6093214aee5fe21f364c299e,prodaja,stanovi,"Novi Sad","Stari Grad",3,55,"centralno grejanje",NULL,1,2020,1,1,0,0,0
2878,117000,https://www.4zida.rs/prodaja/stanovi/beograd/oglas/dunavska/61952d283b29f839793c4088,prodaja,stanovi,Beograd,"Stari Grad opština",0.5,33,"centralno grejanje",NULL,1,2020,0,0,0,1,1
3973,117000,https://www.4zida.rs/prodaja/stanovi/novi-sad/oglas/salajka/5eaad22e27317158631efae7,prodaja,stanovi,"Novi Sad","Gradske lokacije",3,71,"grejanje na gas",NULL,1,2020,1,1,0,0,0
4426,116830,https://www.4zida.rs/prodaja/stanovi/novi-sad/oglas/bistrica/60ef031836cd2c42fa0fcb41,prodaja,stanovi,"Novi Sad","Novo Naselje",4,81,"grejanje na gas",NULL,1,2020,1,1,0,0,0
13574,115360,https://www.4zida.rs/prodaja/stanovi/novi-sad/oglas/bulevar-patrijarha-pavla/5fe23503fa207c11900d5c35,prodaja,stanovi,"Novi Sad","Gradske lokacije",3,70,"centralno grejanje",NULL,1,2020,1,1,0,0,0
3975,115350,https://www.4zida.rs/prodaja/stanovi/novi-sad/oglas/salajka/5eaad22d27317158631efae3,prodaja,stanovi,"Novi Sad","Gradske lokacije",3,70,"grejanje na gas",NULL,1,2020,1,1,0,0,0
9853,115000,https://www.4zida.rs/prodaja/stanovi/beograd/oglas/generala-zaha/5fdcbeb2c1c3bc331604f970,prodaja,stanovi,Beograd,"Zvezdara opština",1.5,80,"etažno grejanje",NULL,1,2020,1,1,0,0,0
20239,114000,https://www.4zida.rs/prodaja/stanovi/novi-sad/oglas/salajka/5fbea216bfca194bd11073f8,prodaja,stanovi,"Novi Sad","Gradske lokacije",3,63,"grejanje na gas",NULL,1,2020,1,1,0,0,0
16845,113500,https://www.4zida.rs/prodaja/stanovi/novi-sad/oglas/salajka/5f44e3b1c2e815495c383b1d,prodaja,stanovi,"Novi Sad","Gradske lokacije",2,66,"grejanje na gas",NULL,1,2020,1,1,0,0,0
467,113300,https://www.4zida.rs/prodaja/stanovi/novi-sad/oglas/petrovaradin/61dc203da220b96df423442b,prodaja,stanovi,"Novi Sad","Gradske lokacije",3,90,"grejanje na gas",NULL,1,2020,0,1,0,0,0
16991,113300,https://www.4zida.rs/prodaja/stanovi/novi-sad/oglas/telep/61efe3bfe3710f0e061a015e,prodaja,stanovi,"Novi Sad","Gradske lokacije",3,66,"grejanje na gas",NULL,1,2020,1,1,0,1,0
19334,113300,https://www.4zida.rs/prodaja/stanovi/novi-sad/oglas/telep/61efe3bfe3710f0e061a015e,prodaja,stanovi,"Novi Sad","Gradske lokacije",3,66,"grejanje na gas",NULL,1,2020,1,1,0,1,0
13844,113230,https://www.4zida.rs/prodaja/stanovi/novi-sad/oglas/novi-sad-centar/5fea126711b983416d440306,prodaja,stanovi,"Novi Sad","Stari Grad",3,63,NULL,NULL,1,2020,1,1,0,0,0
14205,113100,https://www.4zida.rs/prodaja/stanovi/novi-sad/oglas/bulevar-patrijarha-pavla-somborski-bulevar/5f4ce8c9f7ad5f0fbb114473,prodaja,stanovi,"Novi Sad",Telep,4,89,"centralno grejanje",NULL,1,2020,1,1,0,0,0
3960,111200,https://www.4zida.rs/prodaja/stanovi/novi-sad/oglas/novi-sad-centar/6141bc806568d51e253eed0f,prodaja,stanovi,"Novi Sad","Stari Grad",2,43,"grejanje na gas",NULL,1,2020,1,1,0,0,0
2209,110000,https://www.4zida.rs/prodaja/kuce/beograd/oglas/batajnica/58da1b837ce3af22b368ae62,prodaja,kuce,Beograd,"Zemun opština",6,128,"grejanje na gas",NULL,2,2020,0,1,0,1,1
16190,109200,https://www.4zida.rs/prodaja/stanovi/kragujevac/oglas/centar/5f24e6f3d9349639f467712d,prodaja,stanovi,Kragujevac,"Gradske lokacije",4,91,NULL,NULL,1,2020,1,1,0,0,0
3963,109000,https://www.4zida.rs/prodaja/stanovi/novi-sad/oglas/petrovaradin/5f1ef262d799c6302955cef7,prodaja,stanovi,"Novi Sad","Gradske lokacije",3,86,"etažno grejanje",NULL,1,2020,1,1,0,0,0
757,107400,https://www.4zida.rs/prodaja/stanovi/novi-sad/oglas/sajmiste/60932081ee5fe21f364c27e6,prodaja,stanovi,"Novi Sad","Gradske lokacije",3,56,"centralno grejanje",NULL,1,2020,1,1,0,0,0
15539,107000,https://www.4zida.rs/prodaja/stanovi/beograd/oglas/roze-luksemburg/614da0aabdd317763c4acd52,prodaja,stanovi,Beograd,"Rakovica opština",4,88,"etažno grejanje",NULL,1,2020,0,1,0,1,1
19483,107000,https://www.4zida.rs/prodaja/stanovi/beograd/oglas/roze-luksemburg/614da0aabdd317763c4acd52,prodaja,stanovi,Beograd,"Rakovica opština",4,88,"etažno grejanje",NULL,1,2020,0,1,0,1,1
9956,105700,https://www.4zida.rs/prodaja/stanovi/novi-sad/oglas/salajka-gradske-lokacije-novi-sad/5ec5256c27317153633f4398,prodaja,stanovi,"Novi Sad","Gradske lokacije",3.5,76,"grejanje na gas",NULL,1,2020,1,0,0,0,0
19440,105000,https://www.4zida.rs/prodaja/stanovi/novi-sad/oglas/heroja-pinkija/617ac121f77f724b9c506882,prodaja,stanovi,"Novi Sad","Gradske lokacije",2.5,78,"grejanje na gas",NULL,1,2020,0,1,0,1,0
14505,104900,https://www.4zida.rs/prodaja/stanovi/novi-sad/oglas/sajmiste/619cb081ea9f6804f020f8b8,prodaja,stanovi,"Novi Sad","Gradske lokacije",2,48,"centralno grejanje",NULL,1,2020,1,1,0,0,0
17008,104287,https://www.4zida.rs/prodaja/stanovi/novi-sad/oglas/telep-gradske-lokacije-novi-sad/5e60e5942731713cb5775b36,prodaja,stanovi,"Novi Sad","Gradske lokacije",3,75,"etažno grejanje",NULL,1,2020,1,1,0,0,0
16964,102816,https://www.4zida.rs/prodaja/stanovi/novi-sad/oglas/novo-naselje/607fd7a7d6f3b60b0c2e3f24,prodaja,stanovi,"Novi Sad","Gradske lokacije",3,57,"centralno grejanje",NULL,1,2020,1,1,0,0,0
16966,102816,https://www.4zida.rs/prodaja/stanovi/novi-sad/oglas/novo-naselje/607fd794d6f3b60b0c2e3efc,prodaja,stanovi,"Novi Sad","Gradske lokacije",3,57,"centralno grejanje",NULL,1,2020,1,1,0,0,0
3124,102170,https://www.4zida.rs/prodaja/stanovi/novi-sad/oglas/salajka/5eb0345c27317157bf0f6669,prodaja,stanovi,"Novi Sad","Gradske lokacije",3,62,"grejanje na gas",NULL,1,2020,1,1,0,0,0
3130,102170,https://www.4zida.rs/prodaja/stanovi/novi-sad/oglas/salajka/5eb0345d27317157bf0f6672,prodaja,stanovi,"Novi Sad","Gradske lokacije",3,62,"grejanje na gas",NULL,1,2020,1,1,0,0,0
16193,102000,https://www.4zida.rs/prodaja/stanovi/kragujevac/oglas/centar/5f24e6f3d9349639f467712a,prodaja,stanovi,Kragujevac,"Gradske lokacije",4,85,NULL,NULL,1,2020,1,1,0,0,0
590,100420,https://www.4zida.rs/prodaja/stanovi/novi-sad/oglas/vidovdansko-naselje/5f6a7e4249154136fb39dff7,prodaja,stanovi,"Novi Sad","Gradske lokacije",4,75,"grejanje na gas",NULL,1,2020,1,1,0,0,0
9406,100100,https://www.4zida.rs/prodaja/stanovi/novi-sad/oglas/novi-sad-centar/5f7e16a67c927656bf365c58,prodaja,stanovi,"Novi Sad","Stari Grad",2,49,"grejanje na gas",NULL,1,2020,1,1,0,0,0
10220,100000,https://www.4zida.rs/prodaja/stanovi/beograd/oglas/vardarska/5ed6526327317111fe116533,prodaja,stanovi,Beograd,Beograd,1.5,44,"etažno grejanje",NULL,1,2020,1,1,0,0,0
14497,99300,https://www.4zida.rs/prodaja/stanovi/novi-sad/oglas/sajmiste/619cb082ea9f6804f020f8bc,prodaja,stanovi,"Novi Sad","Gradske lokacije",2,45,"centralno grejanje",NULL,1,2020,1,1,0,0,0
10776,99000,https://www.4zida.rs/prodaja/stanovi/beograd/oglas/matice-srpske/5e5331e59a30913c08238434,prodaja,stanovi,Beograd,Mirijevo,4,87,"norveški radijatori",NULL,1,2020,0,1,0,1,0
18025,99000,https://www.4zida.rs/prodaja/stanovi/beograd/oglas/josipa-slavenskog/6139328cff6f5d104441a483,prodaja,stanovi,Beograd,Banjica,2,55,"etažno grejanje",NULL,1,2020,0,0,0,1,0
23998,99000,https://www.4zida.rs/prodaja/stanovi/beograd/oglas/matice-srpske/5e433224273171709e1fc1f3,prodaja,stanovi,Beograd,"Zvezdara opština",3.5,86,"etažno grejanje",NULL,1,2020,0,0,0,1,0
527,98880,https://www.4zida.rs/prodaja/stanovi/novi-sad/oglas/adice-gradske-lokacije-novi-sad/619bba937cbf3859ed59cc2c,prodaja,stanovi,"Novi Sad","Gradske lokacije",4,70,"centralno grejanje",NULL,1,2020,0,0,0,0,0
9397,98880,https://www.4zida.rs/prodaja/stanovi/novi-sad/oglas/salajka/5eb0345b27317157bf0f6660,prodaja,stanovi,"Novi Sad","Gradske lokacije",3,60,"grejanje na gas",NULL,1,2020,1,1,0,0,0
9413,98060,https://www.4zida.rs/prodaja/stanovi/novi-sad/oglas/telep/5f1ef262d799c6302955cef3,prodaja,stanovi,"Novi Sad","Gradske lokacije",3,68,"grejanje na gas",NULL,1,2020,1,1,0,0,0
13548,97480,https://www.4zida.rs/prodaja/stanovi/novi-sad/oglas/bulevar-patrijarha-pavla/5fe23504fa207c11900d5c4a,prodaja,stanovi,"Novi Sad","Gradske lokacije",3,65,"centralno grejanje",NULL,1,2020,1,0,0,0,0
9396,97100,https://www.4zida.rs/prodaja/stanovi/novi-sad/oglas/bulevar-patrijarha-pavla-somborski-bulevar/5fb4161c5965bd6a9064e03d,prodaja,stanovi,"Novi Sad",Telep,3,65,"centralno grejanje",NULL,1,2020,1,1,0,0,0
14499,96800,https://www.4zida.rs/prodaja/stanovi/novi-sad/oglas/sajmiste/619cb080ea9f6804f020f8b4,prodaja,stanovi,"Novi Sad","Gradske lokacije",2,49,"centralno grejanje",NULL,1,2020,1,1,0,0,0
9370,95800,https://www.4zida.rs/prodaja/stanovi/novi-sad/oglas/bulevar-patrijarha-pavla-somborski-bulevar/5fb416185965bd6a9064e003,prodaja,stanovi,"Novi Sad",Telep,2,60,"centralno grejanje",NULL,1,2020,1,1,0,0,0
9371,95600,https://www.4zida.rs/prodaja/stanovi/novi-sad/oglas/bulevar-patrijarha-pavla-somborski-bulevar/5fb4161c5965bd6a9064e03a,prodaja,stanovi,"Novi Sad",Telep,3,64,"centralno grejanje",NULL,1,2020,1,1,0,0,0
13536,95590,https://www.4zida.rs/prodaja/stanovi/novi-sad/oglas/bulevar-patrijarha-pavla/5fe23504fa207c11900d5c41,prodaja,stanovi,"Novi Sad","Gradske lokacije",3,64,"centralno grejanje",NULL,1,2020,1,0,0,1,0
9386,95270,https://www.4zida.rs/prodaja/stanovi/novi-sad/oglas/klisa/5dd2fec727317122fc61a93a,prodaja,stanovi,"Novi Sad","Gradske lokacije",3.5,77,"grejanje na gas",NULL,1,2020,0,1,0,0,0
9526,94650,https://www.4zida.rs/prodaja/stanovi/novi-sad/oglas/telep/5ee9c2852731715409322b47,prodaja,stanovi,"Novi Sad","Gradske lokacije",4,77,NULL,NULL,1,2020,1,1,0,0,0
13731,94600,https://www.4zida.rs/prodaja/stanovi/novi-sad/oglas/nova-detelinara/606e355857c49978d4782abd,prodaja,stanovi,"Novi Sad",Detelinara,3,73,"centralno grejanje",NULL,1,2020,1,0,0,0,0
10986,94000,https://www.4zida.rs/prodaja/stanovi/beograd/oglas/bukovacka/609c2947d1e69f13d62503b4,prodaja,stanovi,Beograd,"Novi Beograd",2.5,55,"etažno grejanje",NULL,1,2020,1,1,0,1,0
4058,93900,https://www.4zida.rs/prodaja/stanovi/novi-sad/oglas/salajka/5eb0345d27317157bf0f666c,prodaja,stanovi,"Novi Sad","Gradske lokacije",3,57,"grejanje na gas",NULL,1,2020,1,1,0,0,0
9334,93900,https://www.4zida.rs/prodaja/stanovi/novi-sad/oglas/salajka/5eb0345a27317157bf0f6657,prodaja,stanovi,"Novi Sad","Gradske lokacije",3,57,"grejanje na gas",NULL,1,2020,1,1,0,0,0
13338,93200,https://www.4zida.rs/prodaja/stanovi/novi-sad/oglas/salajka/6027125e8bf4723ffd560b6c,prodaja,stanovi,"Novi Sad","Gradske lokacije",2.5,67,"grejanje na gas",NULL,1,2020,0,0,0,0,0
17358,92900,https://www.4zida.rs/prodaja/stanovi/novi-sad/oglas/klisa/5dd2fec727317122fc61a934,prodaja,stanovi,"Novi Sad","Gradske lokacije",4,75,"grejanje na gas",NULL,1,2020,0,1,0,0,0
17509,92900,https://www.4zida.rs/prodaja/stanovi/novi-sad/oglas/adice-gradske-lokacije-novi-sad/5f37bbd9e26dba6298542dbd,prodaja,stanovi,"Novi Sad","Gradske lokacije",4,82,"etažno grejanje",NULL,1,2020,0,0,0,0,0
9724,92700,https://www.4zida.rs/prodaja/stanovi/novi-sad/oglas/salajka/5fd23933b1cda87906681c13,prodaja,stanovi,"Novi Sad","Gradske lokacije",4,107,"grejanje na gas",NULL,3,2020,1,0,0,0,0
4233,92350,https://www.4zida.rs/prodaja/stanovi/novi-sad/oglas/nova-detelinara/606e355957c49978d4782ac1,prodaja,stanovi,"Novi Sad",Detelinara,3,65,"centralno grejanje",NULL,1,2020,1,0,0,0,0
9744,91670,https://www.4zida.rs/prodaja/stanovi/novi-sad/oglas/salajka/618d0cf8fe384746276944dd,prodaja,stanovi,"Novi Sad","Gradske lokacije",4,70,"centralno grejanje",NULL,1,2020,1,1,0,1,1
8457,90000,https://www.4zida.rs/prodaja/stanovi/novi-sad/oglas/lipov-gaj/61852db225b6c67da016af13,prodaja,stanovi,"Novi Sad",Adice,2.5,75,"grejanje na gas",NULL,1,2020,0,1,0,0,0
4206,89600,https://www.4zida.rs/prodaja/stanovi/novi-sad/oglas/petrovaradinsko-podgradje-gradic/605d1fde589bfd4fa66ba719,prodaja,stanovi,"Novi Sad",Petrovaradin,3,58,"grejanje na gas",NULL,1,2020,1,0,0,0,0
4214,89600,https://www.4zida.rs/prodaja/stanovi/novi-sad/oglas/bulevar-patrijarha-pavla-somborski-bulevar/609321a5ee5fe21f364c2ae2,prodaja,stanovi,"Novi Sad",Telep,3,58,"grejanje na gas",NULL,1,2020,1,1,0,0,0
10985,88500,https://www.4zida.rs/prodaja/stanovi/beograd/oglas/bukovacka/609c2946d1e69f13d62503b0,prodaja,stanovi,Beograd,"Novi Beograd",2.5,52,"etažno grejanje",NULL,1,2020,1,1,0,1,0
10981,88400,https://www.4zida.rs/prodaja/stanovi/beograd/oglas/bukovacka/60a404360d61ba70a377b9fc,prodaja,stanovi,Beograd,"Novi Beograd",2.5,52,"etažno grejanje",NULL,1,2020,1,1,0,1,0
4253,88200,https://www.4zida.rs/prodaja/stanovi/novi-sad/oglas/nova-detelinara/606e355c57c49978d4782acd,prodaja,stanovi,"Novi Sad",Detelinara,3,68,"centralno grejanje",NULL,1,2020,1,0,0,0,0
13639,87800,https://www.4zida.rs/prodaja/stanovi/novi-sad/oglas/bulevar-patrijarha-pavla-somborski-bulevar/60c2017d57d073695109e88c,prodaja,stanovi,"Novi Sad",Telep,2,43,"grejanje na gas",NULL,1,2020,1,1,0,0,0
13625,87600,https://www.4zida.rs/prodaja/stanovi/novi-sad/oglas/petrovaradinsko-podgradje-gradic/61571ec58d6a981a871c0b28,prodaja,stanovi,"Novi Sad",Petrovaradin,3,81,"grejanje na gas",NULL,1,2020,0,1,0,0,0
4125,87550,https://www.4zida.rs/prodaja/stanovi/novi-sad/oglas/bulevar-patrijarha-pavla-novi-sad/619f930996919f091a545ec3,prodaja,stanovi,"Novi Sad",Telep,2.5,51,"etažno grejanje",NULL,1,2020,1,0,0,0,0
14414,86550,https://www.4zida.rs/prodaja/stanovi/novi-sad/oglas/petrovaradin/5f2195600b113925c330ffba,prodaja,stanovi,"Novi Sad","Gradske lokacije",3,59,"grejanje na gas",NULL,1,2020,1,1,0,0,0
2323,85000,https://www.4zida.rs/prodaja/stanovi/beograd/oglas/laze-jovanovicaporcija/61c1e6fc36fa85747f034843,prodaja,stanovi,Beograd,Zemun,1.5,37,NULL,NULL,1,2020,0,0,0,0,0
15353,85000,https://www.4zida.rs/prodaja/stanovi/beograd/oglas/jakova-galusa/5f9311dcad47be59f313813e,prodaja,stanovi,Beograd,"Voždovac opština",3,66,NULL,NULL,1,2020,0,1,0,1,0
11886,84600,https://www.4zida.rs/prodaja/stanovi/zlatibor/oglas/gradske-lokacije/613c626a8035f04375205411,prodaja,stanovi,Zlatibor,Zlatibor,3,36,NULL,NULL,1,2020,0,1,0,0,0
836,84460,https://www.4zida.rs/prodaja/stanovi/novi-sad/oglas/bulevar-oslobodjenja/6114522a9f8dd904521857b3,prodaja,stanovi,"Novi Sad","Gradske lokacije",1.5,42,"centralno grejanje",NULL,1,2020,1,1,0,0,0
11765,84000,https://www.4zida.rs/prodaja/stanovi/beograd/oglas/laze-jovanovica-porcija/60463fdbe08d4216f42a30c2,prodaja,stanovi,Beograd,"Zemun opština",2,37,NULL,NULL,1,2020,0,1,0,0,0
10988,83300,https://www.4zida.rs/prodaja/stanovi/beograd/oglas/bukovacka/60a404350d61ba70a377b9f8,prodaja,stanovi,Beograd,"Novi Beograd",2.5,49,"etažno grejanje",NULL,1,2020,1,1,0,1,0
1933,83000,https://www.4zida.rs/prodaja/stanovi/beograd/oglas/cvetanova-cuprija/608569bbf8569626c8129e83,prodaja,stanovi,Beograd,"Zvezdara opština",2,41,NULL,NULL,1,2020,0,0,0,1,0
3921,82800,https://www.4zida.rs/prodaja/stanovi/novi-sad/oglas/mali-beograd/61cc69ffbd393f17a715adc3,prodaja,stanovi,"Novi Sad","Gradske lokacije",3,67,"grejanje na gas",NULL,1,2020,0,1,0,0,0
18539,82800,https://www.4zida.rs/prodaja/stanovi/novi-sad/oglas/mali-beograd/61cc69ffbd393f17a715adc3,prodaja,stanovi,"Novi Sad","Gradske lokacije",3,67,"grejanje na gas",NULL,1,2020,0,1,0,0,0
16070,82500,https://www.4zida.rs/prodaja/stanovi/nis/oglas/zicka/61d416890386e6162664ab7f,prodaja,stanovi,Niš,Pantelej,3,66,"etažno grejanje",NULL,2,2020,0,1,0,1,1
19178,82500,https://www.4zida.rs/prodaja/stanovi/nis/oglas/zicka/61d416890386e6162664ab7f,prodaja,stanovi,Niš,Pantelej,3,66,"etažno grejanje",NULL,2,2020,0,1,0,1,1
833,81700,https://www.4zida.rs/prodaja/stanovi/novi-sad/oglas/telep/61571eac8d6a981a871c0adc,prodaja,stanovi,"Novi Sad","Gradske lokacije",3,61,"grejanje na gas",NULL,1,2020,0,0,0,0,0
834,81700,https://www.4zida.rs/prodaja/stanovi/novi-sad/oglas/telep/61571eac8d6a981a871c0ad0,prodaja,stanovi,"Novi Sad","Gradske lokacije",3,61,"grejanje na gas",NULL,1,2020,0,1,0,0,0
841,81700,https://www.4zida.rs/prodaja/stanovi/novi-sad/oglas/telep/61571ead8d6a981a871c0ae0,prodaja,stanovi,"Novi Sad","Gradske lokacije",3,61,"grejanje na gas",NULL,1,2020,0,0,0,0,0
843,81700,https://www.4zida.rs/prodaja/stanovi/novi-sad/oglas/telep/61571eac8d6a981a871c0ad4,prodaja,stanovi,"Novi Sad","Gradske lokacije",3,61,"grejanje na gas",NULL,1,2020,0,1,0,0,0
13764,80000,https://www.4zida.rs/prodaja/kuce/novi-sad/oglas/futog/60c14d3bc2e442105e5151fa,prodaja,kuce,"Novi Sad","Okolne lokacije",7,220,NULL,NULL,1,2020,0,0,427,1,0
15889,80000,https://www.4zida.rs/prodaja/stanovi/nis/oglas/donja-vrezina/61814dc542db39480723860b,prodaja,stanovi,Niš,Pantelej,2.5,84,NULL,NULL,2,2020,0,1,0,0,1
10982,79900,https://www.4zida.rs/prodaja/stanovi/beograd/oglas/bukovacka/609c2946d1e69f13d62503a0,prodaja,stanovi,Beograd,"Novi Beograd",2.5,47,"etažno grejanje",NULL,1,2020,1,1,0,1,0
10989,79900,https://www.4zida.rs/prodaja/stanovi/beograd/oglas/bukovacka/60a563c69369cd35aa4d0284,prodaja,stanovi,Beograd,"Novi Beograd",2.5,47,"etažno grejanje",NULL,1,2020,1,1,0,1,0
10984,79700,https://www.4zida.rs/prodaja/stanovi/beograd/oglas/bukovacka/609c2946d1e69f13d62503a4,prodaja,stanovi,Beograd,"Novi Beograd",2.5,47,"etažno grejanje",NULL,1,2020,1,1,0,1,0
2373,78280,https://www.4zida.rs/prodaja/stanovi/zlatibor/oglas/zlatibor-bregovi/5de2990ce466e65a3e7ec5d4,prodaja,stanovi,Zlatibor,"Gradske lokacije",2,37,"norveški radijatori",NULL,1,2020,0,1,0,1,1
10888,78200,https://www.4zida.rs/prodaja/stanovi/beograd/oglas/bukovacka/609c2946d1e69f13d625039c,prodaja,stanovi,Beograd,"Novi Beograd",1.5,46,"etažno grejanje",NULL,1,2020,1,1,0,1,0
10983,78200,https://www.4zida.rs/prodaja/stanovi/beograd/oglas/bukovacka/609c2946d1e69f13d62503a8,prodaja,stanovi,Beograd,"Novi Beograd",2.5,47,"etažno grejanje",NULL,1,2020,1,1,0,1,0
5203,77900,https://www.4zida.rs/prodaja/stanovi/novi-sad/oglas/salajka/5eb0345e27317157bf0f6675,prodaja,stanovi,"Novi Sad","Gradske lokacije",2,42,"grejanje na gas",NULL,1,2020,1,1,0,0,0
5208,77490,https://www.4zida.rs/prodaja/stanovi/novi-sad/oglas/telep/5e67f840273171327200b3ad,prodaja,stanovi,"Novi Sad","Gradske lokacije",2,44,"grejanje na gas",NULL,1,2020,1,1,0,0,0
5202,77450,https://www.4zida.rs/prodaja/stanovi/novi-sad/oglas/salajka/5eaad23227317158631efb08,prodaja,stanovi,"Novi Sad","Gradske lokacije",2,47,"grejanje na gas",NULL,1,2020,1,1,0,0,0
5204,77450,https://www.4zida.rs/prodaja/stanovi/novi-sad/oglas/salajka/5eaad23027317158631efaf3,prodaja,stanovi,"Novi Sad","Gradske lokacije",2,47,"grejanje na gas",NULL,1,2020,1,1,0,0,0
5206,77450,https://www.4zida.rs/prodaja/stanovi/novi-sad/oglas/salajka/5eaad22f27317158631efaea,prodaja,stanovi,"Novi Sad","Gradske lokacije",2,47,"grejanje na gas",NULL,1,2020,1,1,0,0,0
5207,77450,https://www.4zida.rs/prodaja/stanovi/novi-sad/oglas/salajka/5eaad23127317158631efaff,prodaja,stanovi,"Novi Sad","Gradske lokacije",2,47,"grejanje na gas",NULL,1,2020,1,1,0,0,0
5210,77450,https://www.4zida.rs/prodaja/stanovi/novi-sad/oglas/salajka/5eaad22f27317158631efaf0,prodaja,stanovi,"Novi Sad","Gradske lokacije",0.5,27,"grejanje na gas",NULL,1,2020,1,1,0,0,0
10912,77000,https://www.4zida.rs/prodaja/stanovi/beograd/oglas/bukovacka/609c2945d1e69f13d6250390,prodaja,stanovi,Beograd,"Novi Beograd",1.5,45,"etažno grejanje",NULL,1,2020,1,1,0,1,0
10914,77000,https://www.4zida.rs/prodaja/stanovi/beograd/oglas/bukovacka/609c2945d1e69f13d6250398,prodaja,stanovi,Beograd,"Novi Beograd",1.5,45,"etažno grejanje",NULL,1,2020,1,1,0,1,0
13345,76640,https://www.4zida.rs/prodaja/stanovi/novi-sad/oglas/bulevar-patrijarha-pavla/5fe23503fa207c11900d5c1d,prodaja,stanovi,"Novi Sad","Gradske lokacije",2,48,"centralno grejanje",NULL,1,2020,1,1,0,0,0
10915,76500,https://www.4zida.rs/prodaja/stanovi/beograd/oglas/bukovacka/609c2945d1e69f13d6250394,prodaja,stanovi,Beograd,"Novi Beograd",1.5,45,"etažno grejanje",NULL,1,2020,1,1,0,1,0
10987,75700,https://www.4zida.rs/prodaja/stanovi/beograd/oglas/bukovacka/60a404340d61ba70a377b9f0,prodaja,stanovi,Beograd,"Novi Beograd",2.5,45,"etažno grejanje",NULL,1,2020,1,1,0,1,0
10891,75600,https://www.4zida.rs/prodaja/stanovi/beograd/oglas/bukovacka/60a404340d61ba70a377b9ec,prodaja,stanovi,Beograd,"Novi Beograd",1.5,44,"etažno grejanje",NULL,1,2020,1,1,0,1,0
9012,75500,https://www.4zida.rs/prodaja/stanovi/novi-sad/oglas/lipov-gaj/5f8439bf27ff025a3055d95d,prodaja,stanovi,"Novi Sad",Adice,3.5,66,"grejanje na gas",NULL,1,2020,0,1,0,0,0
9004,75400,https://www.4zida.rs/prodaja/stanovi/novi-sad/oglas/lipov-gaj/5f8455db221415354203cb27,prodaja,stanovi,"Novi Sad",Adice,3.5,66,"grejanje na gas",NULL,1,2020,0,1,0,0,0
2130,75000,https://www.4zida.rs/prodaja/stanovi/beograd/oglas/kolonija/617c2820a0f4333d5a620ee3,prodaja,stanovi,Beograd,"Voždovac opština",2,50,"etažno grejanje",NULL,1,2020,0,0,0,0,1
5402,75000,https://www.4zida.rs/prodaja/kuce/novi-sad/oglas/brestovi/61196b3aa295754f395c4747,prodaja,kuce,"Novi Sad","Okolne lokacije",2,64,"grejanje na gas",NULL,1,2020,0,1,950,1,0
15667,75000,https://www.4zida.rs/prodaja/stanovi/nis/oglas/pantelejska-crkva/61dde79deb952a6d6c5a95e0,prodaja,stanovi,Niš,Pantelej,2,48,"grejanje na struju",NULL,1,2020,1,1,0,1,1
140,74160,https://www.4zida.rs/prodaja/stanovi/novi-sad/oglas/novo-naselje-gradske-lokacije-novi-sad/61e6c56180710252ee26a093,prodaja,stanovi,"Novi Sad","Gradske lokacije",1.5,36,"centralno grejanje",NULL,1,2020,1,0,0,0,0
15749,72000,https://www.4zida.rs/prodaja/stanovi/nis/oglas/studenicka/60cb3a0ee4d136136f1bb627,prodaja,stanovi,Niš,Pantelej,2.5,56,"grejanje na struju",NULL,1,2020,0,1,0,1,1
16239,71500,https://www.4zida.rs/prodaja/stanovi/beograd/oglas/ugrinovacki-put/6026d00abcd13a5f121e35a4,prodaja,stanovi,Beograd,Zemun,3.5,65,"etažno grejanje",NULL,1,2020,0,1,0,0,1
16241,71500,https://www.4zida.rs/prodaja/stanovi/beograd/oglas/ugrinovacki-put/6026d00abcd13a5f121e3580,prodaja,stanovi,Beograd,Zemun,3.5,65,"etažno grejanje",NULL,1,2020,0,1,0,0,1
5273,70860,https://www.4zida.rs/prodaja/stanovi/novi-sad/oglas/salajka/5eb0345f27317157bf0f667e,prodaja,stanovi,"Novi Sad","Gradske lokacije",2,43,"grejanje na gas",NULL,1,2020,1,1,0,0,0
5274,70860,https://www.4zida.rs/prodaja/stanovi/novi-sad/oglas/salajka/5eb0345c27317157bf0f6663,prodaja,stanovi,"Novi Sad","Gradske lokacije",2,43,"grejanje na gas",NULL,1,2020,1,1,0,0,0
4528,70550,https://www.4zida.rs/prodaja/stanovi/novi-sad/oglas/petrovaradin/61d2eca83293dd6465768b87,prodaja,stanovi,"Novi Sad","Gradske lokacije",2,51,"etažno grejanje",NULL,1,2020,1,1,0,0,0
10890,70300,https://www.4zida.rs/prodaja/stanovi/beograd/oglas/bukovacka/60a404340d61ba70a377b9e4,prodaja,stanovi,Beograd,"Novi Beograd",1.5,41,"etažno grejanje",NULL,1,2020,1,1,0,1,0
1295,70000,https://www.4zida.rs/prodaja/stanovi/novi-sad/oglas/bulevar-novi-sad/61362829ff34680d2e03a340,prodaja,stanovi,"Novi Sad","Gradske lokacije",1.5,40,"kaljeva peć",NULL,1,2020,0,0,0,0,0
13430,69530,https://www.4zida.rs/prodaja/stanovi/novi-sad/oglas/bulevar-patrijarha-pavla-somborski-bulevar/61bc91add27e3c1cf622cd9d,prodaja,stanovi,"Novi Sad",Telep,1.5,35,"grejanje na gas",NULL,1,2020,1,1,0,1,0
5272,69500,https://www.4zida.rs/prodaja/stanovi/novi-sad/oglas/novi-sad-centar/5f7dfa7e40e5a15226124cd3,prodaja,stanovi,"Novi Sad","Stari Grad",1,27,"grejanje na gas",NULL,1,2020,1,1,0,0,0
8717,69200,https://www.4zida.rs/prodaja/stanovi/novi-sad/oglas/salajka/5eaad23327317158631efb11,prodaja,stanovi,"Novi Sad","Gradske lokacije",2,42,"grejanje na gas",NULL,1,2020,1,1,0,0,0
10913,68800,https://www.4zida.rs/prodaja/stanovi/beograd/oglas/bukovacka/609c2945d1e69f13d625038c,prodaja,stanovi,Beograd,"Novi Beograd",1.5,40,"etažno grejanje",NULL,1,2020,1,1,0,1,0
4512,67580,https://www.4zida.rs/prodaja/stanovi/novi-sad/oglas/salajka/5eb0345b27317157bf0f665d,prodaja,stanovi,"Novi Sad","Gradske lokacije",2,41,"grejanje na gas",NULL,1,2020,1,1,0,0,0
8599,67300,https://www.4zida.rs/prodaja/stanovi/novi-sad/oglas/detelinara/60b0ec7568dc3b61ab04c408,prodaja,stanovi,"Novi Sad","Gradske lokacije",1,40,NULL,NULL,1,2020,1,1,0,1,0
10921,67200,https://www.4zida.rs/prodaja/stanovi/beograd/oglas/ledine/619b57b126d2ee4120151520,prodaja,stanovi,Beograd,"Novi Beograd",1.5,42,"etažno grejanje",NULL,1,2020,1,1,0,1,1
19537,67000,https://www.4zida.rs/prodaja/stanovi/kragujevac/oglas/centar/604a433c704a6f47704d24e7,prodaja,stanovi,Kragujevac,"Gradske lokacije",2.5,60,"grejanje na gas",NULL,1,2020,1,1,0,1,0
4508,65900,https://www.4zida.rs/prodaja/stanovi/novi-sad/oglas/salajka/5eb0345c27317157bf0f6666,prodaja,stanovi,"Novi Sad","Gradske lokacije",2,40,"grejanje na gas",NULL,1,2020,1,1,0,0,0
243,65500,https://www.4zida.rs/prodaja/stanovi/novi-sad/oglas/adice/60932198ee5fe21f364c2ac6,prodaja,stanovi,"Novi Sad","Gradske lokacije",2.5,53,"grejanje na gas",NULL,1,2020,0,1,0,0,0
16028,64000,https://www.4zida.rs/prodaja/stanovi/nis/oglas/vrezina/60023b7d423388280a1c0978,prodaja,stanovi,Niš,Pantelej,3,80,"etažno grejanje",NULL,1,2020,0,1,0,1,1
10911,63800,https://www.4zida.rs/prodaja/stanovi/beograd/oglas/bukovacka/609c2944d1e69f13d6250384,prodaja,stanovi,Beograd,"Novi Beograd",1.5,38,"etažno grejanje",NULL,1,2020,1,1,0,1,0
9015,63400,https://www.4zida.rs/prodaja/stanovi/novi-sad/oglas/lipov-gaj/5f8439bf27ff025a3055d960,prodaja,stanovi,"Novi Sad",Adice,3.5,55,"grejanje na gas",NULL,1,2020,0,0,0,0,0
10889,63300,https://www.4zida.rs/prodaja/stanovi/beograd/oglas/bukovacka/60a404330d61ba70a377b9dc,prodaja,stanovi,Beograd,"Novi Beograd",1.5,37,"etažno grejanje",NULL,1,2020,1,1,0,1,0
9805,63050,https://www.4zida.rs/prodaja/stanovi/zlatibor/oglas/prote-simica/61df2a786c947619d0696550,prodaja,stanovi,Zlatibor,Zlatibor,1.5,46,NULL,NULL,1,2020,0,1,0,1,0
3021,63000,https://www.4zida.rs/prodaja/stanovi/beograd/oglas/kralja-petra-i/5f633b350c7cde68e80a1468,prodaja,stanovi,Beograd,"Mladenovac opština",2.5,63,"grejanje na gas",NULL,1,2020,1,1,0,0,0
9821,62750,https://www.4zida.rs/prodaja/stanovi/zlatibor/oglas/prote-simica/61b8eecf3e8e9a1f27276718,prodaja,stanovi,Zlatibor,Zlatibor,1.5,46,NULL,NULL,1,2020,0,1,0,1,0
9142,62600,https://www.4zida.rs/prodaja/stanovi/novi-sad/oglas/salajka/5eb0345f27317157bf0f6681,prodaja,stanovi,"Novi Sad","Gradske lokacije",1.5,38,"grejanje na gas",NULL,1,2020,1,1,0,0,0
9820,62300,https://www.4zida.rs/prodaja/stanovi/zlatibor/oglas/prote-simica/61b8eece3e8e9a1f27276714,prodaja,stanovi,Zlatibor,Zlatibor,1.5,46,NULL,NULL,1,2020,0,1,0,1,0
9819,62200,https://www.4zida.rs/prodaja/stanovi/zlatibor/oglas/prote-simica/61b8eece3e8e9a1f27276710,prodaja,stanovi,Zlatibor,Zlatibor,1.5,46,NULL,NULL,1,2020,0,1,0,1,0
9795,62000,https://www.4zida.rs/prodaja/stanovi/zlatibor/oglas/prote-simica/61ddd8fd73765e3e61344a34,prodaja,stanovi,Zlatibor,Zlatibor,1.5,46,NULL,NULL,1,2020,0,1,0,1,0
19556,62000,https://www.4zida.rs/prodaja/stanovi/nis/oglas/cirila-i-metodija/61bc673aa6d81a164e3ccbae,prodaja,stanovi,Niš,Medijana,1,30,"etažno grejanje",NULL,1,2020,1,1,0,1,1
9802,61950,https://www.4zida.rs/prodaja/stanovi/zlatibor/oglas/prote-simica/61df2a776c947619d069654c,prodaja,stanovi,Zlatibor,Zlatibor,1.5,46,NULL,NULL,1,2020,0,1,0,1,0
9808,61950,https://www.4zida.rs/prodaja/stanovi/zlatibor/oglas/prote-simica/61cf3c3366aead000816add0,prodaja,stanovi,Zlatibor,Zlatibor,1.5,46,NULL,NULL,1,2020,0,1,0,1,0
9813,61950,https://www.4zida.rs/prodaja/stanovi/zlatibor/oglas/prote-simica/61940491cfde7f080f20138f,prodaja,stanovi,Zlatibor,Zlatibor,1.5,46,NULL,NULL,1,2020,0,1,0,1,0
9810,61900,https://www.4zida.rs/prodaja/stanovi/zlatibor/oglas/prote-simica/61d4662899ac0059c5189ca4,prodaja,stanovi,Zlatibor,Zlatibor,1.5,46,NULL,NULL,1,2020,0,1,0,1,0
9797,61800,https://www.4zida.rs/prodaja/stanovi/zlatibor/oglas/prote-simica/61d4662799ac0059c5189c9c,prodaja,stanovi,Zlatibor,Zlatibor,1.5,45,NULL,NULL,1,2020,0,1,0,1,0
9806,61800,https://www.4zida.rs/prodaja/stanovi/zlatibor/oglas/prote-simica/61e07bfe5c3fd478d010ade9,prodaja,stanovi,Zlatibor,Zlatibor,1.5,45,NULL,NULL,1,2020,0,1,0,1,0
9809,61800,https://www.4zida.rs/prodaja/stanovi/zlatibor/oglas/prote-simica/61d4662899ac0059c5189ca0,prodaja,stanovi,Zlatibor,Zlatibor,1.5,45,NULL,NULL,1,2020,0,1,0,1,0
9812,61800,https://www.4zida.rs/prodaja/stanovi/zlatibor/oglas/prote-simica/61ab6b334277d552c709f78c,prodaja,stanovi,Zlatibor,Zlatibor,1.5,45,NULL,NULL,1,2020,0,1,0,1,0
9798,61700,https://www.4zida.rs/prodaja/stanovi/zlatibor/oglas/prote-simica/61dc87789552aa1986578c2a,prodaja,stanovi,Zlatibor,Zlatibor,1.5,45,NULL,NULL,1,2020,0,1,0,1,0
9800,61650,https://www.4zida.rs/prodaja/stanovi/zlatibor/oglas/prote-simica/61dc87779552aa1986578c26,prodaja,stanovi,Zlatibor,Zlatibor,1.5,45,NULL,NULL,1,2020,0,1,0,1,0
9801,61550,https://www.4zida.rs/prodaja/stanovi/zlatibor/oglas/prote-simica/61cf3c3266aead000816adcc,prodaja,stanovi,Zlatibor,Zlatibor,1.5,45,NULL,NULL,1,2020,0,1,0,1,0
19740,61550,https://www.4zida.rs/prodaja/stanovi/zlatibor/oglas/prote-simica/61eee04839251c0c8c615fbc,prodaja,stanovi,Zlatibor,Zlatibor,1.5,45,NULL,NULL,1,2020,0,1,0,1,0
9140,61500,https://www.4zida.rs/prodaja/stanovi/novi-sad/oglas/petrovaradin/5f206002f644ec461c1da7eb,prodaja,stanovi,"Novi Sad","Gradske lokacije",2,41,"grejanje na gas",NULL,1,2020,1,1,0,0,0
9144,61300,https://www.4zida.rs/prodaja/stanovi/novi-sad/oglas/petrovaradin/5f206003f644ec461c1da7f7,prodaja,stanovi,"Novi Sad","Gradske lokacije",2,40,"grejanje na gas",NULL,1,2020,1,1,0,0,0
9811,61300,https://www.4zida.rs/prodaja/stanovi/zlatibor/oglas/prote-simica/61cf3c3166aead000816adc8,prodaja,stanovi,Zlatibor,Zlatibor,1.5,45,NULL,NULL,1,2020,0,1,0,1,0
15737,61200,https://www.4zida.rs/prodaja/stanovi/nis/oglas/pantelej/60740728d6009566dd5dd397,prodaja,stanovi,Niš,"Gradske lokacije",2,68,"grejanje na struju",NULL,1,2020,1,1,0,0,0
9816,61150,https://www.4zida.rs/prodaja/stanovi/zlatibor/oglas/prote-simica/61cf3c3066aead000816adc4,prodaja,stanovi,Zlatibor,Zlatibor,1.5,45,NULL,NULL,1,2020,0,1,0,1,0
9139,60960,https://www.4zida.rs/prodaja/stanovi/novi-sad/oglas/salajka/5eb0345f27317157bf0f667b,prodaja,stanovi,"Novi Sad","Gradske lokacije",1.5,37,"grejanje na gas",NULL,1,2020,1,1,0,0,0
8555,58300,https://www.4zida.rs/prodaja/stanovi/novi-sad/oglas/petrovaradinsko-podgradje-gradic/61571e908d6a981a871c0a94,prodaja,stanovi,"Novi Sad",Petrovaradin,2,47,"grejanje na gas",NULL,1,2020,0,1,0,0,0
4859,58000,https://www.4zida.rs/prodaja/stanovi/zlatibor/oglas/krfska/6152349b7fced32a1b36c6f2,prodaja,stanovi,Zlatibor,"Gradske lokacije",1,34,"grejanje na struju",NULL,1,2020,1,1,0,1,1
9807,58000,https://www.4zida.rs/prodaja/stanovi/zlatibor/oglas/prote-simica/61ce06dcebb5c504691acbd2,prodaja,stanovi,Zlatibor,Zlatibor,1.5,43,NULL,NULL,1,2020,0,0,0,1,0
9825,57600,https://www.4zida.rs/prodaja/stanovi/zlatibor/oglas/prote-simica/61ab6b324277d552c709f788,prodaja,stanovi,Zlatibor,Zlatibor,1.5,42,NULL,NULL,1,2020,0,0,0,1,0
9817,57150,https://www.4zida.rs/prodaja/stanovi/zlatibor/oglas/prote-simica/61ba4052ffcb4b269631461f,prodaja,stanovi,Zlatibor,Zlatibor,1.5,42,NULL,NULL,1,2020,0,0,0,1,0
7696,54000,https://www.4zida.rs/prodaja/stanovi/subotica/oglas/prozivka/5f5938ee1d315a32c074f76c,prodaja,stanovi,Subotica,"Gradske lokacije",2,41,"centralno grejanje",NULL,1,2020,1,1,0,1,0
12880,54000,https://www.4zida.rs/prodaja/stanovi/backa-palanka/oglas/gradske-lokacije/6093223aee5fe21f364c2c52,prodaja,stanovi,"Bačka Palanka","Bačka Palanka",2,85,"etažno grejanje",NULL,1,2020,0,1,0,0,0
18227,54000,https://www.4zida.rs/prodaja/stanovi/subotica/oglas/prozivka/5f5938ee1d315a32c074f76c,prodaja,stanovi,Subotica,"Gradske lokacije",2,41,"centralno grejanje",NULL,1,2020,1,1,0,1,0
14993,53650,https://www.4zida.rs/prodaja/stanovi/zlatibor/oglas/prote-simica/6189789f36d7d13cf51b8016,prodaja,stanovi,Zlatibor,Zlatibor,1.5,39,NULL,NULL,1,2020,0,1,0,1,0
19008,53650,https://www.4zida.rs/prodaja/stanovi/zlatibor/oglas/prote-simica/61f031ff91e82d445665f1b4,prodaja,stanovi,Zlatibor,Zlatibor,1.5,39,NULL,NULL,1,2020,0,1,0,1,0
10892,53500,https://www.4zida.rs/prodaja/stanovi/beograd/oglas/bukovacka/60a563c49369cd35aa4d0278,prodaja,stanovi,Beograd,"Novi Beograd",1.5,33,"etažno grejanje",NULL,1,2020,1,0,0,1,0
14994,53500,https://www.4zida.rs/prodaja/stanovi/zlatibor/oglas/prote-simica/61cb63e160062b483a4ce464,prodaja,stanovi,Zlatibor,Zlatibor,1.5,39,NULL,NULL,1,2020,0,1,0,1,0
9705,53460,https://www.4zida.rs/prodaja/stanovi/zlatibor/oglas/suncani-breg/5f0043200c7cde0c973b3d73,prodaja,stanovi,Zlatibor,"Okolne lokacije",1,36,"grejanje na struju",NULL,1,2020,0,1,0,1,1
19011,53450,https://www.4zida.rs/prodaja/stanovi/zlatibor/oglas/prote-simica/61f031fe91e82d445665f1b0,prodaja,stanovi,Zlatibor,Zlatibor,1.5,39,NULL,NULL,1,2020,0,1,0,1,0
19007,53300,https://www.4zida.rs/prodaja/stanovi/zlatibor/oglas/prote-simica/61f031fe91e82d445665f1ac,prodaja,stanovi,Zlatibor,Zlatibor,1.5,39,NULL,NULL,1,2020,0,1,0,1,0
19012,53300,https://www.4zida.rs/prodaja/stanovi/zlatibor/oglas/prote-simica/61f031fd91e82d445665f1a8,prodaja,stanovi,Zlatibor,Zlatibor,1.5,39,NULL,NULL,1,2020,0,1,0,1,0
14999,53100,https://www.4zida.rs/prodaja/stanovi/zlatibor/oglas/prote-simica/61d4662699ac0059c5189c98,prodaja,stanovi,Zlatibor,Zlatibor,1.5,39,NULL,NULL,1,2020,0,1,0,1,0
15001,53100,https://www.4zida.rs/prodaja/stanovi/zlatibor/oglas/prote-simica/61d4662599ac0059c5189c94,prodaja,stanovi,Zlatibor,Zlatibor,1.5,39,NULL,NULL,1,2020,0,1,0,1,0
14997,53050,https://www.4zida.rs/prodaja/stanovi/zlatibor/oglas/prote-simica/61d4662599ac0059c5189c90,prodaja,stanovi,Zlatibor,Zlatibor,1.5,39,NULL,NULL,1,2020,0,1,0,1,0
15004,53000,https://www.4zida.rs/prodaja/stanovi/zlatibor/oglas/prote-simica/61eaebba9e136417d0637fb0,prodaja,stanovi,Zlatibor,Zlatibor,1.5,39,NULL,NULL,1,2020,0,1,0,1,0
15006,53000,https://www.4zida.rs/prodaja/stanovi/zlatibor/oglas/prote-simica/61eaebbb9e136417d0637fb4,prodaja,stanovi,Zlatibor,Zlatibor,1.5,39,NULL,NULL,1,2020,0,1,0,1,0
15007,53000,https://www.4zida.rs/prodaja/stanovi/zlatibor/oglas/prote-simica/61eee04739251c0c8c615fb8,prodaja,stanovi,Zlatibor,Zlatibor,1.5,39,NULL,NULL,1,2020,0,1,0,1,0
19739,53000,https://www.4zida.rs/prodaja/stanovi/zlatibor/oglas/prote-simica/61eee04739251c0c8c615fb8,prodaja,stanovi,Zlatibor,Zlatibor,1.5,39,NULL,NULL,1,2020,0,1,0,1,0
15005,52950,https://www.4zida.rs/prodaja/stanovi/zlatibor/oglas/prote-simica/61eee04639251c0c8c615fb4,prodaja,stanovi,Zlatibor,Zlatibor,1.5,39,NULL,NULL,1,2020,0,1,0,1,0
19731,52950,https://www.4zida.rs/prodaja/stanovi/zlatibor/oglas/prote-simica/61eee04639251c0c8c615fb4,prodaja,stanovi,Zlatibor,Zlatibor,1.5,39,NULL,NULL,1,2020,0,1,0,1,0
15000,52900,https://www.4zida.rs/prodaja/stanovi/zlatibor/oglas/prote-simica/61e848da3e35186d6030758c,prodaja,stanovi,Zlatibor,Zlatibor,1.5,39,NULL,NULL,1,2020,0,1,0,1,0
15003,52900,https://www.4zida.rs/prodaja/stanovi/zlatibor/oglas/prote-simica/61e848db3e35186d60307590,prodaja,stanovi,Zlatibor,Zlatibor,1.5,39,NULL,NULL,1,2020,0,1,0,1,0
9804,52800,https://www.4zida.rs/prodaja/stanovi/zlatibor/oglas/prote-simica/61e848d93e35186d60307588,prodaja,stanovi,Zlatibor,Zlatibor,1.5,39,NULL,NULL,1,2020,0,1,0,1,0
9814,52800,https://www.4zida.rs/prodaja/stanovi/zlatibor/oglas/prote-simica/61e2ca8832850f15a87298ec,prodaja,stanovi,Zlatibor,Zlatibor,1.5,39,NULL,NULL,1,2020,0,1,0,1,0
9822,52800,https://www.4zida.rs/prodaja/stanovi/zlatibor/oglas/prote-simica/61ca1256a447444d7d653a6a,prodaja,stanovi,Zlatibor,Zlatibor,1.5,39,NULL,NULL,1,2020,0,1,0,1,0
9828,52800,https://www.4zida.rs/prodaja/stanovi/zlatibor/oglas/prote-simica/61e2ca8732850f15a87298e8,prodaja,stanovi,Zlatibor,Zlatibor,1.5,39,NULL,NULL,1,2020,0,1,0,1,0
15002,52800,https://www.4zida.rs/prodaja/stanovi/zlatibor/oglas/prote-simica/61e07bfd5c3fd478d010ade5,prodaja,stanovi,Zlatibor,Zlatibor,1.5,39,NULL,NULL,1,2020,0,1,0,1,0
9827,52750,https://www.4zida.rs/prodaja/stanovi/zlatibor/oglas/prote-simica/61e07bfc5c3fd478d010ade1,prodaja,stanovi,Zlatibor,Zlatibor,1.5,39,NULL,NULL,1,2020,0,1,0,1,0
19732,52750,https://www.4zida.rs/prodaja/stanovi/zlatibor/oglas/prote-simica/61eee04539251c0c8c615fb0,prodaja,stanovi,Zlatibor,Zlatibor,1.5,39,NULL,NULL,1,2020,0,1,0,1,0
9796,52700,https://www.4zida.rs/prodaja/stanovi/zlatibor/oglas/prote-simica/61e848d83e35186d60307584,prodaja,stanovi,Zlatibor,Zlatibor,1.5,39,NULL,NULL,1,2020,0,1,0,1,0
10909,52700,https://www.4zida.rs/prodaja/stanovi/beograd/oglas/bukovacka/609c2944d1e69f13d6250378,prodaja,stanovi,Beograd,"Novi Beograd",1.5,31,"etažno grejanje",NULL,1,2020,1,0,0,1,0
10910,52700,https://www.4zida.rs/prodaja/stanovi/beograd/oglas/bukovacka/609c2944d1e69f13d625037c,prodaja,stanovi,Beograd,"Novi Beograd",1.5,31,"etažno grejanje",NULL,1,2020,1,0,0,1,0
19728,52550,https://www.4zida.rs/prodaja/stanovi/zlatibor/oglas/prote-simica/61eee04439251c0c8c615fac,prodaja,stanovi,Zlatibor,Zlatibor,1.5,39,NULL,NULL,1,2020,0,1,0,1,0
9815,52350,https://www.4zida.rs/prodaja/stanovi/zlatibor/oglas/prote-simica/61d4662499ac0059c5189c8c,prodaja,stanovi,Zlatibor,Zlatibor,1.5,38,NULL,NULL,1,2020,0,1,0,1,0
9803,52200,https://www.4zida.rs/prodaja/stanovi/zlatibor/oglas/prote-simica/61eaebb99e136417d0637fac,prodaja,stanovi,Zlatibor,Zlatibor,1.5,38,NULL,NULL,1,2020,0,1,0,1,0
16053,52000,https://www.4zida.rs/prodaja/stanovi/nis/oglas/durlan/610a806688c7c41ca2530d91,prodaja,stanovi,Niš,Pantelej,2,57,"grejanje na struju",NULL,1,2020,0,1,0,1,0
1381,51500,https://www.4zida.rs/prodaja/stanovi/novi-sad/oglas/adice/61571e708d6a981a871c0a50,prodaja,stanovi,"Novi Sad","Gradske lokacije",2.5,52,"grejanje na gas",NULL,1,2020,0,1,0,0,0
19733,51000,https://www.4zida.rs/prodaja/stanovi/beograd/oglas/ciglarska/61eee04a39251c0c8c615fc0,prodaja,stanovi,Beograd,"Zvezdara opština",2,50,"etažno grejanje",NULL,1,2020,0,0,0,0,0
9830,49300,https://www.4zida.rs/prodaja/stanovi/zlatibor/oglas/prote-simica/61cb63dc60062b483a4ce453,prodaja,stanovi,Zlatibor,Zlatibor,1.5,36,NULL,NULL,1,2020,0,0,0,1,0
2286,49000,https://www.4zida.rs/prodaja/stanovi/zlatibor/oglas/ulica-narcisa/60897e69396def21cd37b7f3,prodaja,stanovi,Zlatibor,Zlatibor,1.5,33,"etažno grejanje",NULL,1,2020,1,0,0,1,1
16062,49000,https://www.4zida.rs/prodaja/stanovi/nis/oglas/durlan/610a806588c7c41ca2530d8d,prodaja,stanovi,Niš,Pantelej,2,53,"grejanje na struju",NULL,1,2020,0,1,0,1,0
11046,48840,https://www.4zida.rs/prodaja/stanovi/vrnjacka-banja/oglas/centar/5f578d619a3091184f3ab1fc,prodaja,stanovi,"Vrnjačka Banja","Gradske lokacije",1,37,"norveški radijatori",NULL,1,2020,0,1,0,0,1
10893,47300,https://www.4zida.rs/prodaja/stanovi/beograd/oglas/bukovacka/60a563c59369cd35aa4d0280,prodaja,stanovi,Beograd,"Novi Beograd",1.5,43,"etažno grejanje",NULL,1,2020,1,0,0,1,0
13326,46500,https://www.4zida.rs/prodaja/kuce/beocin/oglas/gradske-lokacije/61781e7f0df9e72aea76a483,prodaja,kuce,Beočin,Beočin,2,59,"etažno grejanje",NULL,1,2020,0,0,7.24,1,0
11538,45990,https://www.4zida.rs/prodaja/stanovi/beograd/oglas/sejkina/5ec3f4d0273171778b2e7ad1,prodaja,stanovi,Beograd,"Zvezdara opština",1.5,31,"centralno grejanje",NULL,1,2020,1,0,0,0,0
18020,45990,https://www.4zida.rs/prodaja/stanovi/beograd/oglas/sejkina/5ec3f4d0273171778b2e7ad1,prodaja,stanovi,Beograd,"Zvezdara opština",1.5,31,"centralno grejanje",NULL,1,2020,1,0,0,0,0
8471,45600,https://www.4zida.rs/prodaja/stanovi/novi-sad/oglas/lipov-gaj/5f8439be27ff025a3055d953,prodaja,stanovi,"Novi Sad",Adice,1.5,35,"grejanje na gas",NULL,1,2020,0,1,0,0,0
16082,45560,https://www.4zida.rs/prodaja/stanovi/sombor/oglas/franje-rackog/61a57cb5b554b5197607bdc9,prodaja,stanovi,Sombor,Sombor,3,67,"grejanje na gas",NULL,1,2020,0,1,0,1,1
11019,45000,https://www.4zida.rs/prodaja/kuce/beograd/oglas/30-nova/6151f9b63a17952d10082ed3,prodaja,kuce,Beograd,Ugrinovci,9,400,NULL,NULL,3,2020,0,1,5,0,0
10907,44200,https://www.4zida.rs/prodaja/stanovi/beograd/oglas/ledine/602e454683a2a220bc7a9ef8,prodaja,stanovi,Beograd,"Novi Beograd",1.5,34,"etažno grejanje",NULL,1,2020,0,1,0,0,0
8517,42450,https://www.4zida.rs/prodaja/stanovi/novi-sad/oglas/detelinara/6043b8370210311a7b4d5603,prodaja,stanovi,"Novi Sad","Gradske lokacije",1,29,NULL,NULL,1,2020,1,0,0,1,0
13457,42000,https://www.4zida.rs/prodaja/stanovi/novi-sad/oglas/detelinara/6181496e6e8c0313a77fb4ba,prodaja,stanovi,"Novi Sad","Gradske lokacije",2,35,NULL,NULL,1,2020,0,0,0,1,0
10881,38500,https://www.4zida.rs/prodaja/stanovi/beograd/oglas/bukovacka/60a563c49369cd35aa4d027c,prodaja,stanovi,Beograd,"Novi Beograd",1.5,35,"etažno grejanje",NULL,1,2020,1,0,0,1,0
22109,37492,https://www.4zida.rs/prodaja/stanovi/novi-sad/oglas/telep/61855d04ab1faa71617864f1,prodaja,stanovi,"Novi Sad","Gradske lokacije",0.5,26,"grejanje na gas",NULL,1,2020,0,1,0,1,0
8472,32960,https://www.4zida.rs/prodaja/stanovi/novi-sad/oglas/lipov-gaj/607182a1e08582026161fda8,prodaja,stanovi,"Novi Sad",Adice,1.5,28,"etažno grejanje",NULL,1,2020,0,1,0,1,1
11067,32000,https://www.4zida.rs/prodaja/stanovi/vrnjacka-banja/oglas/jastrebacka/6167232babc8b7380a410500,prodaja,stanovi,"Vrnjačka Banja","Gradske lokacije",0.5,24,NULL,NULL,1,2020,0,1,0,1,0
13104,31930,https://www.4zida.rs/prodaja/stanovi/novi-sad/oglas/adice/60eecf7c1b7ada65062002c1,prodaja,stanovi,"Novi Sad","Gradske lokacije",0.5,22,"grejanje na gas",NULL,1,2020,0,1,0,0,0
7460,26000,https://www.4zida.rs/prodaja/kuce/subotica/oglas/bagremova/60521279c701bc7f0e02a1c5,prodaja,kuce,Subotica,"Gradske lokacije",3,100,NULL,NULL,1,2020,0,0,12.5,0,0
10185,2500,https://www.4zida.rs/prodaja/stanovi/beograd/oglas/mlade-bosne/5f880a3c62d81c6539560243,prodaja,stanovi,Beograd,Vračar,2,49,"centralno grejanje",NULL,1,2020,0,0,0,1,1
10670,2500,https://www.4zida.rs/prodaja/stanovi/beograd/oglas/vardarska/5fd37ffd75f88d696b56b69e,prodaja,stanovi,Beograd,Vračar,3,69,"centralno grejanje",NULL,1,2020,1,0,0,0,0
1178,1,https://www.4zida.rs/prodaja/stanovi/novi-sad/oglas/salajka/615787b2eb076c306a1ad315,prodaja,stanovi,"Novi Sad","Gradske lokacije",2.5,62,"grejanje na gas",NULL,1,2020,1,1,0,0,0
3927,1,https://www.4zida.rs/prodaja/stanovi/novi-sad/oglas/salajka/615787b5eb076c306a1ad31d,prodaja,stanovi,"Novi Sad","Gradske lokacije",4,63,"grejanje na gas",NULL,1,2020,1,0,0,0,0
3992,1,https://www.4zida.rs/prodaja/stanovi/novi-sad/oglas/salajka/615787b0eb076c306a1ad30c,prodaja,stanovi,"Novi Sad","Gradske lokacije",4,85,"grejanje na gas",NULL,1,2020,1,1,0,0,0
3993,1,https://www.4zida.rs/prodaja/stanovi/novi-sad/oglas/salajka/615787afeb076c306a1ad308,prodaja,stanovi,"Novi Sad","Gradske lokacije",4,85,"grejanje na gas",NULL,1,2020,1,1,0,0,0
3994,1,https://www.4zida.rs/prodaja/stanovi/novi-sad/oglas/salajka/615787aeeb076c306a1ad303,prodaja,stanovi,"Novi Sad","Gradske lokacije",4,76,"grejanje na gas",NULL,1,2020,1,1,0,0,0
